type,features__type,features__geometry__type,x,y,features__geometry__coordinates__003,features__geometry__coordinates__004,features__properties__OBJECTID,features__properties__BLOCKNAME,Rotation1,total,Rotation2
FeatureCollection,Feature,Point,472902.2075,5363875.92,0,-1.79769313486232E+308,1,VOLEFT,1.414073379,1791,81.0204
,Feature,Point,472022.1861,5365591.613,0,-1.79769313486232E+308,2,VOLEFT,5.682626341,9905,325.591
,Feature,Point,472081.6118,5365496.819,0,-1.79769313486232E+308,3,VOLRIGHT,5.683338032,7802,325.631
,Feature,Point,471962.4169,5366051.428,0,-1.79769313486232E+308,4,VOLEFT,5.665915913,9811,324.633
,Feature,Point,472020.2503,5365955.654,0,-1.79769313486232E+308,5,VOLRIGHT,5.666627604,9555,324.674
,Feature,Point,472534.5891,5366038.716,0,-1.79769313486232E+308,6,VOLEFT,5.035575096,18621,288.517
,Feature,Point,472519.4573,5365908.16,0,-1.79769313486232E+308,7,VOLRIGHT,5.036286786,19781,288.558
,Feature,Point,472993.8022,5365710.553,0,-1.79769313486232E+308,8,VOLEFT,5.067239074,21362,290.331
,Feature,Point,472979.3714,5365586.702,0,-1.79769313486232E+308,9,VOLRIGHT,5.067950765,24096,290.372
,Feature,Point,473318.7374,5365952.279,0,-1.79769313486232E+308,10,VOLEFT,4.907760169,6452,281.194
,Feature,Point,473294.878,5365842.972,0,-1.79769313486232E+308,11,VOLRIGHT,4.90847186,6785,281.235
,Feature,Point,474115.52,5366324.217,0,-1.79769313486232E+308,12,VOLEFT,4.875039015,9920,279.319
,Feature,Point,474092.6921,5366203.185,0,-1.79769313486232E+308,13,VOLRIGHT,4.875750705,9947,279.36
,Feature,Point,474596.3696,5366218.178,0,-1.79769313486232E+308,14,VOLEFT,1.066246701,5137,61.0914
,Feature,Point,474603.5099,5366326.823,0,-1.79769313486232E+308,15,VOLRIGHT,1.066958392,5885,61.1322
,Feature,Point,475379.445,5365987.761,0,-1.79769313486232E+308,16,VOLEFT,1.597963122,12256,91.5565
,Feature,Point,475331.0797,5366088.53,0,-1.79769313486232E+308,17,VOLRIGHT,1.598674813,13039,91.5973
,Feature,Point,475436.9817,5365899.147,0,-1.79769313486232E+308,18,VOLEFT,0.601680465,10608,34.4738
,Feature,Point,475495.2894,5365994.508,0,-1.79769313486232E+308,19,VOLRIGHT,0.602392156,10912,34.5145
,Feature,Point,474165.4714,5365476.82,0,-1.79769313486232E+308,20,VOL3NUM,4.904412149,0,281.002
,Feature,Point,473090.9371,5361750.284,0,-1.79769313486232E+308,21,VOLRIGHT,6.175637308,3367,353.838
,Feature,Point,472990.6489,5361805.446,0,-1.79769313486232E+308,22,VOLEFT,6.124433625,3349,350.904
,Feature,Point,473071.6304,5362766.829,0,-1.79769313486232E+308,23,VOLRIGHT,5.506736484,4173,315.513
,Feature,Point,473027.1611,5362872.295,0,-1.79769313486232E+308,24,VOLEFT,5.455532801,4799,312.579
,Feature,Point,472749.5922,5363289.139,0,-1.79769313486232E+308,25,VOLRIGHT,1.493425555,7764,85.567
,Feature,Point,472697.4815,5363187.232,0,-1.79769313486232E+308,26,VOLEFT,1.442221872,7290,82.6332
,Feature,Point,473167.3125,5363349.046,0,-1.79769313486232E+308,27,VOLRIGHT,1.386814676,7340,79.4586
,Feature,Point,473121.6248,5363275.252,0,-1.79769313486232E+308,28,VOLEFT,1.3841044,6926,79.3033
,Feature,Point,472990.0086,5363172.588,0,-1.79769313486232E+308,29,VOLRIGHT,5.400626827,1294,309.433
,Feature,Point,472962.8835,5363255.032,0,-1.79769313486232E+308,30,VOLEFT,5.397916551,2090,309.278
,Feature,Point,473030.9015,5363254.015,0,-1.79769313486232E+308,31,VOLRIGHT,6.117951712,1026,350.533
,Feature,Point,472956.2642,5363298.311,0,-1.79769313486232E+308,32,VOLEFT,6.115241436,1131,350.378
,Feature,Point,472924.1711,5363210.573,0,-1.79769313486232E+308,33,VOLRIGHT,1.493425555,5869,85.567
,Feature,Point,472872.0605,5363108.666,0,-1.79769313486232E+308,34,VOLEFT,1.442221872,7668,82.6332
,Feature,Point,473107.2196,5363111.33,0,-1.79769313486232E+308,35,VOLRIGHT,0.97020747,6801,55.5888
,Feature,Point,473011.5201,5363050.702,0,-1.79769313486232E+308,36,VOLEFT,0.933073115,5303,53.4612
,Feature,Point,473302.5099,5363299.77,0,-1.79769313486232E+308,37,VOLRIGHT,6.117951712,1113,350.533
,Feature,Point,473202.9935,5363358.832,0,-1.79769313486232E+308,38,VOLEFT,6.115241436,1021,350.378
,Feature,Point,473311.0621,5363392.248,0,-1.79769313486232E+308,39,VOLRIGHT,6.117951712,1539,350.533
,Feature,Point,473211.5457,5363451.31,0,-1.79769313486232E+308,40,VOLEFT,6.115241436,1867,350.378
,Feature,Point,473344.5167,5363572.905,0,-1.79769313486232E+308,41,VOLRIGHT,6.117951712,1482,350.533
,Feature,Point,473245.0003,5363631.966,0,-1.79769313486232E+308,42,VOLEFT,6.115241436,1718,350.378
,Feature,Point,473250.4426,5363686.365,0,-1.79769313486232E+308,43,VOLEFT,6.115241436,10644,350.378
,Feature,Point,473325.8495,5363480.314,0,-1.79769313486232E+308,44,VOLRIGHT,6.117951712,9671,350.533
,Feature,Point,473890.1179,5363801.134,0,-1.79769313486232E+308,45,VOLRIGHT,1.394534977,9794,79.901
,Feature,Point,473828.0744,5363704.149,0,-1.79769313486232E+308,46,VOLEFT,1.388120983,10338,79.5335
,Feature,Point,473678.6331,5363835.298,0,-1.79769313486232E+308,47,VOLRIGHT,1.394534977,3460,79.901
,Feature,Point,473616.5896,5363738.313,0,-1.79769313486232E+308,48,VOLEFT,1.388120983,3518,79.5335
,Feature,Point,473475.0901,5363875.832,0,-1.79769313486232E+308,49,VOLRIGHT,1.394534977,5798,79.901
,Feature,Point,473413.0465,5363778.847,0,-1.79769313486232E+308,50,VOLEFT,1.388120983,6297,79.5335
,Feature,Point,473267.1079,5363898.215,0,-1.79769313486232E+308,51,VOLRIGHT,1.428127132,11270,81.8257
,Feature,Point,473209.4508,5363820.41,0,-1.79769313486232E+308,52,VOLEFT,1.431868285,15438,82.04
,Feature,Point,473367.6023,5363766.112,0,-1.79769313486232E+308,53,VOLRIGHT,6.117951712,9112,350.533
,Feature,Point,473284.7036,5363883.221,0,-1.79769313486232E+308,54,VOLEFT,6.115241436,12745,350.378
,Feature,Point,473057.9852,5363942.626,0,-1.79769313486232E+308,55,VOLRIGHT,1.447613909,6115,82.9422
,Feature,Point,472995.0028,5363851.361,0,-1.79769313486232E+308,56,VOLEFT,1.395272355,11010,79.9432
,Feature,Point,472861.9371,5363954.257,0,-1.79769313486232E+308,57,VOLRIGHT,1.390026468,4102,79.6426
,Feature,Point,472820.4182,5363912.307,0,-1.79769313486232E+308,58,VOLEFT,1.45560015,3684,83.3997
,Feature,Point,472659.064,5363976.904,0,-1.79769313486232E+308,59,VOLRIGHT,1.192711859,4591,68.3374
,Feature,Point,472621.2037,5363936.006,0,-1.79769313486232E+308,60,VOLEFT,1.192000168,3745,68.2966
,Feature,Point,472227.1279,5363943.246,0,-1.79769313486232E+308,61,VOLRIGHT,6.206144222,10159,355.586
,Feature,Point,472125.6025,5364007.5,0,-1.79769313486232E+308,62,VOLEFT,6.205432531,9166,355.545
,Feature,Point,472077.165,5364628.262,0,-1.79769313486232E+308,63,VOLRIGHT,0.272029806,10511,15.5862
,Feature,Point,471953.1247,5364663.367,0,-1.79769313486232E+308,64,VOLEFT,0.271318116,10780,15.5454
,Feature,Point,471030.8795,5365154.576,0,-1.79769313486232E+308,65,VOLRIGHT,5.876873515,6686,336.72
,Feature,Point,470952.0837,5365231.763,0,-1.79769313486232E+308,66,VOLEFT,5.876161825,6447,336.679
,Feature,Point,470937.2484,5364294.651,0,-1.79769313486232E+308,67,VOLRIGHT,5.855729491,8607,335.509
,Feature,Point,470860.1021,5364373.487,0,-1.79769313486232E+308,68,VOLEFT,5.8550178,8391,335.468
,Feature,Point,470832.5372,5364478.611,0,-1.79769313486232E+308,69,VOLRIGHT,6.206144222,3092,355.586
,Feature,Point,470733.0157,5364526.173,0,-1.79769313486232E+308,70,VOLEFT,6.205432531,3996,355.545
,Feature,Point,472930.9542,5363472.282,0,-1.79769313486232E+308,71,VOLRIGHT,6.110601058,3674,350.112
,Feature,Point,472838.179,5363528.371,0,-1.79769313486232E+308,72,VOLEFT,6.11946872,6733,350.62
,Feature,Point,472948.9105,5363588.946,0,-1.79769313486232E+308,73,VOLRIGHT,6.121438279,4934,350.733
,Feature,Point,473794.3619,5363516.398,0,-1.79769313486232E+308,74,VOLEFT,1.400888544,11290,80.265
,Feature,Point,473865.8256,5363616.05,0,-1.79769313486232E+308,75,VOLRIGHT,1.432336214,11492,82.0668
,Feature,Point,473192.9175,5364734.353,0,-1.79769313486232E+308,76,VOLEFT,5.04427929,15153,289.016
,Feature,Point,473156.1747,5364615.777,0,-1.79769313486232E+308,77,VOLRIGHT,4.832502828,23863,276.882
,Feature,Point,473002.7223,5364766.928,0,-1.79769313486232E+308,78,VOLEFT,5.04427929,13952,289.016
,Feature,Point,472990.8035,5364652.261,0,-1.79769313486232E+308,79,VOLRIGHT,5.007941069,9856,286.934
,Feature,Point,473291.0846,5364739.366,0,-1.79769313486232E+308,80,VOLRIGHT,6.151940419,9147,352.48
,Feature,Point,473185.3069,5364802.656,0,-1.79769313486232E+308,81,VOLEFT,6.217373784,9883,356.229
,Feature,Point,473534.6355,5364695.791,0,-1.79769313486232E+308,82,VOLRIGHT,1.502390459,6688,86.0806
,Feature,Point,473484.3684,5364596.232,0,-1.79769313486232E+308,83,VOLEFT,1.464960962,7049,83.9361
,Feature,Point,473656.5439,5364128.916,0,-1.79769313486232E+308,84,VOLEFT,1.464960962,1973,83.9361
,Feature,Point,473705.8258,5364228.83,0,-1.79769313486232E+308,85,VOLRIGHT,1.502390459,3678,86.0806
,Feature,Point,473533.4963,5364257.599,0,-1.79769313486232E+308,86,VOLEFT,6.1858273,4453,354.422
,Feature,Point,473638.0647,5364208.28,0,-1.79769313486232E+308,87,VOLRIGHT,6.188596482,4901,354.58
,Feature,Point,473851.9539,5364191.972,0,-1.79769313486232E+308,88,VOLRIGHT,6.188596482,4393,354.58
,Feature,Point,473747.0725,5364240.345,0,-1.79769313486232E+308,89,VOLEFT,6.1858273,2464,354.422
,Feature,Point,474049.8362,5364172.508,0,-1.79769313486232E+308,90,VOLRIGHT,6.188596482,862,354.58
,Feature,Point,473959.354,5364225.883,0,-1.79769313486232E+308,91,VOLEFT,6.1858273,673,354.422
,Feature,Point,474091.552,5364138.434,0,-1.79769313486232E+308,92,VOLEFT,1.477938481,839,84.6796
,Feature,Point,474135.3102,5364231.841,0,-1.79769313486232E+308,93,VOLRIGHT,1.472574483,1050,84.3723
,Feature,Point,475514.1003,5364827.715,0,-1.79769313486232E+308,94,VOL3NUM,6.279311696,0,359.778
,Feature,Point,475009.0793,5362922.183,0,-1.79769313486232E+308,95,VOL3NUM,4.99909524,0,286.427
,Feature,Point,474443.375,5362700.195,0,-1.79769313486232E+308,96,VOLRIGHT,5.262678222,1681,301.529
,Feature,Point,474430.6493,5362788.949,0,-1.79769313486232E+308,97,VOLEFT,5.291544113,1180,303.183
,Feature,Point,473955.8313,5362716.774,0,-1.79769313486232E+308,98,VOLEFT,5.779195879,5424,331.124
,Feature,Point,474026.7458,5362626.136,0,-1.79769313486232E+308,99,VOLRIGHT,5.750815434,4179,329.497
,Feature,Point,474262.2741,5363117.087,0,-1.79769313486232E+308,100,VOLRIGHT,6.117305022,928,350.496
,Feature,Point,473989.778,5363100.725,0,-1.79769313486232E+308,101,VOL4NUM,1.413953868,0,81.0136
,Feature,Point,473999.5917,5362879.38,0,-1.79769313486232E+308,102,VOLRIGHT,1.432336217,330,82.0668
,Feature,Point,473941.9144,5362796.268,0,-1.79769313486232E+308,103,VOLEFT,1.400888547,292,80.265
,Feature,Point,473742.1281,5362911.394,0,-1.79769313486232E+308,104,VOLRIGHT,1.432336217,8326,82.0668
,Feature,Point,473679.7967,5362820.315,0,-1.79769313486232E+308,105,VOLEFT,1.400888547,9321,80.265
,Feature,Point,473646.1538,5362815.239,0,-1.79769313486232E+308,106,VOLRIGHT,6.117305022,3282,350.496
,Feature,Point,473545.3122,5362870.634,0,-1.79769313486232E+308,107,VOLEFT,6.124802572,4870,350.925
,Feature,Point,473414.8781,5362885.999,0,-1.79769313486232E+308,108,VOLRIGHT,5.510655347,3458,315.737
,Feature,Point,473356.8019,5362995.117,0,-1.79769313486232E+308,109,VOLEFT,5.576746914,2516,319.524
,Feature,Point,472689.5942,5362714.304,0,-1.79769313486232E+308,110,VOLEFT,0.100108472,1243,5.73579
,Feature,Point,472451.1753,5362564.449,0,-1.79769313486232E+308,111,VOLEFT,0.100108472,1243,5.73579
,Feature,Point,472153.1255,5362253.557,0,-1.79769313486232E+308,112,VOLEFT,0.924640449,1340,52.978
,Feature,Point,471712.0593,5362384.574,0,-1.79769313486232E+308,113,VOLRIGHT,5.663096735,2953,324.472
,Feature,Point,471667.1951,5362486.894,0,-1.79769313486232E+308,114,VOLEFT,5.664803079,2731,324.569
,Feature,Point,472423.6141,5361882.407,0,-1.79769313486232E+308,115,VOLRIGHT,5.663096738,3536,324.472
,Feature,Point,472363.7536,5361974.43,0,-1.79769313486232E+308,116,VOLEFT,5.664803082,3423,324.569
,Feature,Point,473552.7108,5361836.982,0,-1.79769313486232E+308,117,VOLRIGHT,1.496123905,3431,85.7216
,Feature,Point,473488.9604,5361733.926,0,-1.79769313486232E+308,118,VOLEFT,1.48124221,2939,84.8689
,Feature,Point,473884.1159,5361555.109,0,-1.79769313486232E+308,119,VOLRIGHT,5.728629449,4884,328.226
,Feature,Point,473812.9663,5361645.48,0,-1.79769313486232E+308,120,VOLEFT,5.727415599,4498,328.157
,Feature,Point,473941.8427,5361709.536,0,-1.79769313486232E+308,121,VOL3NUM,1.394540595,0,79.9013
,Feature,Point,474042.6747,5361864.463,0,-1.79769313486232E+308,122,VOL3NUM,6.106929575,0,349.901
,Feature,Point,473939.012,5361882.517,0,-1.79769313486232E+308,123,VOL3NUM,6.106929575,0,349.901
,Feature,Point,474289.9042,5362035.104,0,-1.79769313486232E+308,124,VOLRIGHT,6.111722238,1240,350.176
,Feature,Point,474205.5151,5362095.593,0,-1.79769313486232E+308,125,VOLEFT,6.126679765,1050,351.033
,Feature,Point,473965.6899,5362088.901,0,-1.79769313486232E+308,126,VOLRIGHT,6.094323361,1292,349.179
,Feature,Point,473876.3287,5362152.976,0,-1.79769313486232E+308,127,VOLEFT,6.094065708,1327,349.164
,Feature,Point,473693.8599,5362133.016,0,-1.79769313486232E+308,128,VOLRIGHT,6.108966907,833,350.018
,Feature,Point,473611.6447,5362199.921,0,-1.79769313486232E+308,129,VOLEFT,6.080537625,975,348.389
,Feature,Point,474076.3355,5361977.767,0,-1.79769313486232E+308,130,VOL4NUM,1.396619016,0,80.0204
,Feature,Point,473988.7379,5361992.777,0,-1.79769313486232E+308,131,VOL4NUM,1.396619016,0,80.0204
,Feature,Point,473810.4131,5362031.553,0,-1.79769313486232E+308,132,VOL4NUM,1.396619016,0,80.0204
,Feature,Point,473839.8208,5362213.551,0,-1.79769313486232E+308,133,VOL4NUM,1.396619016,0,80.0204
,Feature,Point,474110.2848,5362192.459,0,-1.79769313486232E+308,134,VOL4NUM,1.396619016,0,80.0204
,Feature,Point,475092.4934,5362058.202,0,-1.79769313486232E+308,135,VOL3NUM,1.585719998,0,90.8551
,Feature,Point,475052.6352,5362544.813,0,-1.79769313486232E+308,136,VOL3NUM,4.797323881,0,274.866
,Feature,Point,475069.5127,5362258.164,0,-1.79769313486232E+308,137,VOL3NUM,4.790412817,0,274.47
,Feature,Point,475150.4798,5362047.212,0,-1.79769313486232E+308,138,VOLEFT,6.272445249,1320,359.385
,Feature,Point,475355.9711,5362297.981,0,-1.79769313486232E+308,139,VOLEFT,6.272445249,256,359.385
,Feature,Point,475298.8992,5362357.216,0,-1.79769313486232E+308,140,VOLEFT,1.022103,4395,58.5622
,Feature,Point,475572.4533,5362375.207,0,-1.79769313486232E+308,141,VOL3NUM,1.556277818,0,89.1682
,Feature,Point,475923.6134,5362109.56,0,-1.79769313486232E+308,142,VOLEFT,5.683925829,1553,325.665
,Feature,Point,475986.9772,5362014.581,0,-1.79769313486232E+308,143,VOLRIGHT,5.691108062,1881,326.076
,Feature,Point,475914.1817,5362577.757,0,-1.79769313486232E+308,144,VOLEFT,0.13792287,1377,7.9024
,Feature,Point,476008.0087,5362543.472,0,-1.79769313486232E+308,145,VOLRIGHT,0.126497219,1259,7.24776
,Feature,Point,475773.2298,5362481.609,0,-1.79769313486232E+308,146,VOLRIGHT,1.526289194,1204,87.4499
,Feature,Point,475787.1496,5362655.502,0,-1.79769313486232E+308,147,VOLRIGHT,1.571024671,2155,90.0131
,Feature,Point,476171.7206,5363311.792,0,-1.79769313486232E+308,148,VOLRIGHT,1.54628581,3671,88.5956
,Feature,Point,476122.3161,5363225.373,0,-1.79769313486232E+308,149,VOLEFT,1.528051322,3627,87.5509
,Feature,Point,476104.8797,5363088.119,0,-1.79769313486232E+308,150,VOLEFT,0.008705335,2640,0.498779
,Feature,Point,476198.6021,5363043.82,0,-1.79769313486232E+308,151,VOLRIGHT,0.015887567,2219,0.910291
,Feature,Point,476015.2373,5363769.009,0,-1.79769313486232E+308,152,VOLEFT,0.008705335,6560,0.498779
,Feature,Point,476121.6233,5363729.092,0,-1.79769313486232E+308,153,VOLRIGHT,0.015887567,6587,0.910291
,Feature,Point,475770.1292,5364125.316,0,-1.79769313486232E+308,154,VOLRIGHT,1.580429227,113,90.5519
,Feature,Point,475936.5236,5364102.505,0,-1.79769313486232E+308,155,VOLRIGHT,1.580429227,165,90.5519
,Feature,Point,475938.561,5364475.002,0,-1.79769313486232E+308,156,VOLRIGHT,1.567773332,1319,89.8268
,Feature,Point,476056.2058,5364386.369,0,-1.79769313486232E+308,157,VOLEFT,0.274149965,7201,15.7076
,Feature,Point,476174.0328,5364363.151,0,-1.79769313486232E+308,158,VOLRIGHT,0.256262698,8480,14.6828
,Feature,Point,475728.085,5364927.282,0,-1.79769313486232E+308,159,VOLRIGHT,1.418850722,5579,81.2942
,Feature,Point,475666.7076,5364820.01,0,-1.79769313486232E+308,160,VOLEFT,1.413176043,5868,80.969
,Feature,Point,475760.7499,5364785.658,0,-1.79769313486232E+308,161,VOLEFT,6.205432531,454,355.545
,Feature,Point,475866.0294,5364823.204,0,-1.79769313486232E+308,162,VOLRIGHT,6.206144222,777,355.586
,Feature,Point,475217.6974,5365576.314,0,-1.79769313486232E+308,163,VOL4NUM,1.553326086,0,88.999
,Feature,Point,475148.7319,5365582.365,0,-1.79769313486232E+308,164,VOL3NUM,1.531575415,0,87.7528
,Feature,Point,471926.2535,5366072.352,0,-1.79769313486232E+308,165,VOLEFT,1.105635117,2123,63.3482
,Feature,Point,471991.0974,5366143.491,0,-1.79769313486232E+308,166,VOLRIGHT,1.117084328,1250,64.0042
,Feature,Point,471821.8634,5366147.296,0,-1.79769313486232E+308,167,VOLEFT,5.651373284,9160,323.8
,Feature,Point,471899.0235,5366045.298,0,-1.79769313486232E+308,168,VOLRIGHT,5.659523163,9883,324.267
,Feature,Point,471865.602,5365954.166,0,-1.79769313486232E+308,169,VOL3NUM,1.092149885,0,62.5756
,Feature,Point,473685.1233,5363315.641,0,-1.79769313486232E+308,170,VOL4NUM,6.125033014,0,350.939
,Feature,Point,474589.0902,5364818.181,0,-1.79769313486232E+308,171,VOLRIGHT,6.262953988,1265,358.841
,Feature,Point,474502.1783,5364870.033,0,-1.79769313486232E+308,172,VOLEFT,6.261568846,809,358.761
,Feature,Point,476042.6098,5362920.246,0,-1.79769313486232E+308,173,VOLRIGHT,0.938483415,1905,53.7711
,Feature,Point,475934.6893,5362861.929,0,-1.79769313486232E+308,174,VOLEFT,0.879443913,1895,50.3884
,Feature,Point,474437.5472,5365180.867,0,-1.79769313486232E+308,175,VOLEFT,1.212187841,2499,69.4532
,Feature,Point,474514.9275,5365262.21,0,-1.79769313486232E+308,176,VOLRIGHT,1.61501349,2310,92.5335
,Feature,Point,475275.7397,5363982.428,0,-1.79769313486232E+308,177,VOLRIGHT,5.372397175,1186,307.816
,Feature,Point,475246.6905,5364095.542,0,-1.79769313486232E+308,178,VOLEFT,5.396587841,1018,309.202
,Feature,Point,475510.3266,5362904.759,0,-1.79769313486232E+308,179,VOL4NUM,5.811080968,0,332.95
,Feature,Point,474322.3094,5364587.425,0,-1.79769313486232E+308,180,VOLEFT,6.204473725,238,355.49
,Feature,Point,474425.6891,5364538.094,0,-1.79769313486232E+308,181,VOLRIGHT,6.25600599,262,358.443
,Feature,Point,475403.4882,5365502.745,0,-1.79769313486232E+308,182,VOLEFT,6.254817855,338,358.375
,Feature,Point,475498.8608,5365455.32,0,-1.79769313486232E+308,183,VOLRIGHT,6.252061695,302,358.217
,Feature,Point,475701.4675,5363419.877,0,-1.79769313486232E+308,184,VOLRIGHT,1.592984687,73,91.2713
,Feature,Point,475649.7455,5363321.671,0,-1.79769313486232E+308,185,VOLEFT,1.621248473,85,92.8907
,Feature,Point,475997.7181,5362947.458,0,-1.79769313486232E+308,186,VOLRIGHT,5.479915261,213,313.976
,Feature,Point,475962.1015,5363032.539,0,-1.79769313486232E+308,187,VOLEFT,5.571800489,249,319.241
,Feature,Point,471800.6389,5363022.848,0,-1.79769313486232E+308,188,VOLEFT,0.929767871,379,53.2718
,Feature,Point,471905.4972,5363086.704,0,-1.79769313486232E+308,189,VOLRIGHT,0.931373437,496,53.3638
,Feature,Point,475889.2807,5364387.166,0,-1.79769313486232E+308,190,VOLEFT,1.570779388,1821,89.999
,Feature,Point,474193.2108,5365390.592,0,-1.79769313486232E+308,191,VOLEFT,0.202988859,9994,11.6304
,Feature,Point,474322.6023,5365366.992,0,-1.79769313486232E+308,192,VOLRIGHT,0.205655564,9173,11.7832
,Feature,Point,473951.6098,5365277.052,0,-1.79769313486232E+308,193,VOLRIGHT,0.181742081,9468,10.4131
,Feature,Point,473831.1014,5365307.226,0,-1.79769313486232E+308,194,VOLEFT,0.181907729,10630,10.4225
,Feature,Point,475324.6008,5363040.242,0,-1.79769313486232E+308,195,VOL4NUM,5.74055116,0,328.909
,Feature,Point,471032.781,5364438.664,0,-1.79769313486232E+308,196,VOLRIGHT,6.137732379,3415,351.666
,Feature,Point,470972.0693,5364490.047,0,-1.79769313486232E+308,197,VOLEFT,6.141492898,3009,351.882
,Feature,Point,471140.3713,5365331.484,0,-1.79769313486232E+308,198,VOL4NUM,5.446465614,0,312.059
,Feature,Point,475237.3134,5363249.976,0,-1.79769313486232E+308,199,VOL4NUM,1.087396787,0,62.3032
,Feature,Point,475518.6996,5362535.116,0,-1.79769313486232E+308,200,VOLRIGHT,5.009625107,1596,287.03
,Feature,Point,475526.7585,5362658.292,0,-1.79769313486232E+308,201,VOLEFT,5.011060587,1493,287.113
,Feature,Point,472900.3539,5366049.65,0,-1.79769313486232E+308,202,VOLRIGHT,4.913458106,185,281.52
,Feature,Point,472925.4931,5366160.744,0,-1.79769313486232E+308,203,VOLEFT,4.884913931,127,279.885
,Feature,Point,474275.0207,5364498.115,0,-1.79769313486232E+308,204,VOLRIGHT,6.197358518,181,355.082
,Feature,Point,474171.2505,5364555.567,0,-1.79769313486232E+308,205,VOLEFT,6.161813486,92,353.046
,Feature,Point,474878.4679,5365473.362,0,-1.79769313486232E+308,206,VOLRIGHT,0.543461943,79,31.1381
,Feature,Point,474759.1581,5365463.359,0,-1.79769313486232E+308,207,VOLEFT,0.535113217,124,30.6597
,Feature,Point,471148.3361,5364692.808,0,-1.79769313486232E+308,208,VOLRIGHT,6.26854604,335,359.161
,Feature,Point,471081.44,5364735.833,0,-1.79769313486232E+308,209,VOLEFT,6.272306559,329,359.377
,Feature,Point,475884.1184,5363280.918,0,-1.79769313486232E+308,210,VOLRIGHT,1.592984688,86,91.2713
,Feature,Point,475845.9623,5363175.387,0,-1.79769313486232E+308,211,VOLEFT,1.621248474,71,92.8907
,Feature,Point,475784.9352,5363451.726,0,-1.79769313486232E+308,212,VOLRIGHT,1.592984687,84,91.2713
,Feature,Point,475746.7791,5363346.195,0,-1.79769313486232E+308,213,VOLEFT,1.621248473,87,92.8907
,Feature,Point,475028.873,5364934.659,0,-1.79769313486232E+308,214,VOL3NUM,1.553326089,0,88.999
,Feature,Point,474923.9984,5365248.201,0,-1.79769313486232E+308,215,VOL3NUM,6.255297627,0,358.402
,Feature,Point,473406.8102,5364897.228,0,-1.79769313486232E+308,216,VOLRIGHT,1.734613953,783,99.3861
,Feature,Point,473375.5028,5364804.273,0,-1.79769313486232E+308,217,VOLEFT,1.752122446,407,100.389
,Feature,Point,473555.4696,5363082.592,0,-1.79769313486232E+308,218,VOLRIGHT,1.432336217,3125,82.0668
,Feature,Point,473482.2662,5362985.947,0,-1.79769313486232E+308,219,VOLEFT,1.400888547,2619,80.265
,Feature,Point,471724.4899,5362949.29,0,-1.79769313486232E+308,220,VOLRIGHT,5.639991234,528,323.148
,Feature,Point,471672.732,5363042.238,0,-1.79769313486232E+308,221,VOLEFT,5.65469303,367,323.99
,Feature,Point,471569.5724,5363057.65,0,-1.79769313486232E+308,222,VOLRIGHT,5.639991233,318,323.148
,Feature,Point,471517.8133,5363150.598,0,-1.79769313486232E+308,223,VOLEFT,5.654693029,321,323.99
,Feature,Point,470873.7851,5364368.468,0,-1.79769313486232E+308,224,VOLEFT,1.552463807,384,88.9496
,Feature,Point,470906.9183,5364446.384,0,-1.79769313486232E+308,225,VOLRIGHT,1.57077937,677,89.999
,Feature,Point,475251.7701,5362000.136,0,-1.79769313486232E+308,226,VOLRIGHT,6.272532317,700,359.39
,Feature,Point,473729.4977,5365394.475,0,-1.79769313486232E+308,227,VOLRIGHT,1.73461395,218,99.3861
,Feature,Point,473698.1904,5365301.519,0,-1.79769313486232E+308,228,VOLEFT,1.752122444,184,100.389
,Feature,Point,471467.449,5364300.516,0,-1.79769313486232E+308,229,VOLRIGHT,1.585073511,252,90.818
,Feature,Point,471425.9814,5364205.782,0,-1.79769313486232E+308,230,VOLEFT,1.575937359,187,90.2946
,Feature,Point,475866.441,5363354.118,0,-1.79769313486232E+308,231,VOLRIGHT,1.106467171,57,63.3959
,Feature,Point,475783.3712,5363278.671,0,-1.79769313486232E+308,232,VOLEFT,1.134730957,57,65.0153
,Feature,Point,475452.1038,5362258.856,0,-1.79769313486232E+308,233,VOLRIGHT,6.272532315,260,359.39
,Feature,Point,470858.0249,5364545.053,0,-1.79769313486232E+308,234,VOLEFT,1.552463806,847,88.9496
,Feature,Point,470897.2034,5364613.57,0,-1.79769313486232E+308,235,VOLRIGHT,1.570779369,984,89.999
,Feature,Point,475538.7463,5363483.394,0,-1.79769313486232E+308,236,VOLRIGHT,6.250709403,83,358.139
,Feature,Point,475451.6637,5363558.646,0,-1.79769313486232E+308,237,VOLEFT,6.262724357,119,358.828
,Feature,Point,472462.5091,5365176.557,0,-1.79769313486232E+308,238,VOLEFT,0.276809961,796,15.86
,Feature,Point,472565.1569,5365160.131,0,-1.79769313486232E+308,239,VOLRIGHT,0.285038106,476,16.3315
,Feature,Point,475732.9335,5364049.769,0,-1.79769313486232E+308,240,VOLEFT,1.57077939,111,89.999
,Feature,Point,470823.8832,5364380.088,0,-1.79769313486232E+308,241,VOLEFT,1.552463807,301,88.9496
,Feature,Point,470857.0164,5364458.004,0,-1.79769313486232E+308,242,VOLRIGHT,1.57077937,589,89.999
,Feature,Point,471060.7351,5364285.746,0,-1.79769313486232E+308,243,VOLEFT,1.642039457,332,94.0819
,Feature,Point,471096.4392,5364354.158,0,-1.79769313486232E+308,244,VOLRIGHT,1.570779371,280,89.999
,Feature,Point,474479.6835,5361888.109,0,-1.79769313486232E+308,245,VOLEFT,3.869402744,145,221.7
,Feature,Point,474376.3923,5361855.621,0,-1.79769313486232E+308,246,VOLRIGHT,3.875042004,176,222.024
,Feature,Point,471015.1933,5365344.755,0,-1.79769313486232E+308,247,VOLEFT,4.335389594,108,248.4
,Feature,Point,470935.5369,5365257.339,0,-1.79769313486232E+308,248,VOLRIGHT,4.432725113,113,253.976
,Feature,Point,471968.6783,5362191.75,0,-1.79769313486232E+308,249,VOLRIGHT,5.663096735,3175,324.472
,Feature,Point,471920.8602,5362292.707,0,-1.79769313486232E+308,250,VOLEFT,5.664803079,3359,324.569
,Feature,Point,472122.302,5362449.332,0,-1.79769313486232E+308,251,VOLEFT,5.664842731,511,324.572
,Feature,Point,472180.9741,5362360.944,0,-1.79769313486232E+308,252,VOLRIGHT,5.657043562,819,324.125
,Feature,Point,472466.0051,5362823.178,0,-1.79769313486232E+308,253,VOLRIGHT,1.24124663,2108,71.1182
,Feature,Point,472377.3423,5362734.395,0,-1.79769313486232E+308,254,VOLEFT,1.209199324,1953,69.282
,Feature,Point,472205.407,5362877.47,0,-1.79769313486232E+308,255,VOLEFT,5.75203429,590,329.567
,Feature,Point,472271.6828,5362783.676,0,-1.79769313486232E+308,256,VOLRIGHT,5.758036453,380,329.911
,Feature,Point,474459.7115,5365910.095,0,-1.79769313486232E+308,257,VOLRIGHT,0.882588814,1875,50.5686
,Feature,Point,474361.4378,5365864.443,0,-1.79769313486232E+308,258,VOLEFT,0.89069359,2560,51.033
,Feature,Point,474151.4562,5365854.226,0,-1.79769313486232E+308,259,VOLEFT,1.730540473,3455,99.1527
,Feature,Point,474181.5653,5365970.158,0,-1.79769313486232E+308,260,VOLRIGHT,1.717473242,3445,98.404
,Feature,Point,475329.8264,5362558.424,0,-1.79769313486232E+308,261,VOLRIGHT,0.427560637,185,24.4974
,Feature,Point,475215.2244,5362561.293,0,-1.79769313486232E+308,262,VOLEFT,0.422285512,237,24.1952
,Feature,Point,471647.5276,5366117.478,0,-1.79769313486232E+308,263,VOL3NUM,1.092149883,0,62.5756
,Feature,Point,474719.6805,5366066.158,0,-1.79769313486232E+308,264,VOLRIGHT,0.543461937,168,31.1381
,Feature,Point,474600.3695,5366056.155,0,-1.79769313486232E+308,265,VOLEFT,0.535113211,343,30.6597
,Feature,Point,473564.1887,5363100.891,0,-1.79769313486232E+308,266,VOLRIGHT,4.539174607,0,260.076
,Feature,Point,475428.7666,5362460.947,0,-1.79769313486232E+308,267,VOLRIGHT,0.976639595,3755,55.9573
,Feature,Point,475741.9311,5362513.342,0,-1.79769313486232E+308,268,VOLRIGHT,6.192903616,3469,354.827
,Feature,Point,475450.7725,5362758.199,0,-1.79769313486232E+308,269,VOLRIGHT,5.009625106,2082,287.03
,Feature,Point,475368.9767,5363571.906,0,-1.79769313486232E+308,270,VOLEFT,1.538160243,709,88.1301
,Feature,Point,475424.3801,5363635.15,0,-1.79769313486232E+308,271,VOLRIGHT,1.523164016,641,87.2709
,Feature,Point,475466.1056,5361757.859,0,-1.79769313486232E+308,272,VOLRIGHT,6.283168383,1967,359.999
,Feature,Point,475365.3522,5361816.627,0,-1.79769313486232E+308,273,VOLEFT,0.004072119,1658,0.233315
,Feature,Point,474436.9603,5363017.56,0,-1.79769313486232E+308,274,VOLRIGHT,5.543022103,1326,317.592
,Feature,Point,474403.1461,5363138.743,0,-1.79769313486232E+308,275,VOLEFT,5.566261841,2833,318.923
,Feature,Point,474339.3085,5363217.539,0,-1.79769313486232E+308,276,VOL4NUM,1.396619012,0,80.0204
,Feature,Point,474301.249,5363013.486,0,-1.79769313486232E+308,277,VOL4NUM,1.396619013,0,80.0204
,Feature,Point,474183.6104,5362634.78,0,-1.79769313486232E+308,278,VOL4NUM,1.396619014,0,80.0204
,Feature,Point,471518.4487,5365881.444,0,-1.79769313486232E+308,279,VOL3NUM,1.092149885,0,62.5756
,Feature,Point,473152.2546,5363062.429,0,-1.79769313486232E+308,280,VOLEFT,5.576746914,832,319.524
,Feature,Point,473205.4023,5362956.836,0,-1.79769313486232E+308,281,VOLRIGHT,5.510655347,731,315.737
,Feature,Point,475889.2852,5364029.661,0,-1.79769313486232E+308,282,VOLEFT,1.570779391,223,89.999
,Feature,Point,471588.8117,5365834.569,0,-1.79769313486232E+308,283,VOL3NUM,1.092149885,0,62.5756
,Feature,Point,471532.8513,5366078.755,0,-1.79769313486232E+308,284,VOL3NUM,1.001158384,0,57.3621
,Feature,Point,476043.8116,5364186.649,0,-1.79769313486232E+308,285,VOLEFT,6.283168371,240,359.999
,Feature,Point,476000.9553,5364189.077,0,-1.79769313486232E+308,286,VOLRIGHT,6.28316837,370,359.999
,Feature,Point,475816.0651,5364077.955,0,-1.79769313486232E+308,287,VOL3NUM,1.57077939,0,89.999
,Feature,Point,476129.9904,5363986.749,0,-1.79769313486232E+308,288,VOLRIGHT,6.283168372,1036,359.999
,Feature,Point,476051.9857,5363951.714,0,-1.79769313486232E+308,289,VOLEFT,6.283168372,1093,359.999
,Feature,Point,471187.9527,5365488.835,0,-1.79769313486232E+308,290,VOLEFT,5.672303105,300,324.999
,Feature,Point,471257.2861,5365477.242,0,-1.79769313486232E+308,291,VOLRIGHT,5.759569568,220,329.999
,Feature,Point,471470.7973,5364392.948,0,-1.79769313486232E+308,292,VOLRIGHT,1.605685957,232,91.999
,Feature,Point,471426.2188,5364325.776,0,-1.79769313486232E+308,293,VOLEFT,1.62313925,162,92.999
,Feature,Point,471429.4317,5364503.469,0,-1.79769313486232E+308,294,VOLEFT,1.642039457,162,94.0819
,Feature,Point,471465.1348,5364571.88,0,-1.79769313486232E+308,295,VOLRIGHT,1.570779371,276,89.999
,Feature,Point,471753.0682,5363235.591,0,-1.79769313486232E+308,296,VOL3NUM,1.002919301,0,57.463
,Feature,Point,472732.7556,5364012.383,0,-1.79769313486232E+308,297,VOLEFT,0.020533075,9730,1.17646
,Feature,Point,472763.9289,5363873.254,0,-1.79769313486232E+308,298,VOLRIGHT,6.112924779,12410,350.245
,Feature,Point,472701.2166,5363825.875,0,-1.79769313486232E+308,299,VOLEFT,6.112565083,10990,350.224
,Feature,Point,472590.3447,5363986.266,0,-1.79769313486232E+308,300,VOLEFT,0.407226054,15400,23.3323
,Feature,Point,472600.8928,5363759.496,0,-1.79769313486232E+308,301,VOLRIGHT,4.982535144,7603,285.478
,Feature,Point,472622.5345,5363802.678,0,-1.79769313486232E+308,302,VOLEFT,5.012343305,5647,287.186
,Feature,Point,472503.1871,5363932.832,0,-1.79769313486232E+308,303,VOLRIGHT,0.236221476,11089,13.5345
,Feature,Point,472449.0472,5363959.737,0,-1.79769313486232E+308,304,VOLEFT,0.218101338,10932,12.4963
,Feature,Point,472600.0736,5363861.454,0,-1.79769313486232E+308,305,VOLEFT,1.193318284,8754,68.3721
,Feature,Point,472641.6823,5363898.773,0,-1.79769313486232E+308,306,VOLRIGHT,1.240749992,13512,71.0897
,Feature,Point,472897.9537,5363044.183,0,-1.79769313486232E+308,307,VOLEFT,4.993088324,4900,286.083
,Feature,Point,475740.4142,5362548.914,0,-1.79769313486232E+308,308,VOLEFT,1.595482549,3108,91.4144
,Feature,Point,473400.4271,5363427.76,0,-1.79769313486232E+308,309,VOLRIGHT,1.426758248,6380,81.7472
,Feature,Point,473349.3077,5363400.893,0,-1.79769313486232E+308,310,VOLEFT,1.411537111,5970,80.8751
,Feature,Point,473457.5449,5363297.259,0,-1.79769313486232E+308,311,VOL4NUM,6.125033014,0,350.939
,Feature,Point,473538.0757,5363444.073,0,-1.79769313486232E+308,312,VOLRIGHT,6.121077133,12000,350.712
,Feature,Point,473447.0558,5363247.469,0,-1.79769313486232E+308,313,VOL4NUM,6.125033014,0,350.939
,Feature,Point,472968.8666,5363396.739,0,-1.79769313486232E+308,314,VOLRIGHT,1.422831363,8740,81.5222
,Feature,Point,472921.9131,5363305.819,0,-1.79769313486232E+308,315,VOLEFT,1.398474803,8370,80.1267
,Feature,Point,472900.4693,5363281.234,0,-1.79769313486232E+308,316,VOLRIGHT,5.871006493,1650,336.384
,Feature,Point,472820.264,5363364.674,0,-1.79769313486232E+308,317,VOLEFT,5.835489567,3460,334.349
,Feature,Point,472730.6392,5363362.979,0,-1.79769313486232E+308,318,VOLRIGHT,5.83635678,11140,334.399
,Feature,Point,472691.0584,5363426.264,0,-1.79769313486232E+308,319,VOLEFT,5.855958499,11220,335.522
,Feature,Point,473206.8154,5363525.477,0,-1.79769313486232E+308,320,VOLRIGHT,1.398475173,9880,80.1267
,Feature,Point,473141.5082,5363448.472,0,-1.79769313486232E+308,321,VOLEFT,1.390807034,11140,79.6874
,Feature,Point,473016.3449,5363483.813,0,-1.79769313486232E+308,322,VOLEFT,6.11946872,2620,350.62
,Feature,Point,473111.5991,5363425.28,0,-1.79769313486232E+308,323,VOLRIGHT,6.110601058,1960,350.112
,Feature,Point,473134.8741,5363511.595,0,-1.79769313486232E+308,324,VOLRIGHT,6.121438279,11240,350.733
,Feature,Point,472997.8056,5363563.94,0,-1.79769313486232E+308,325,VOLRIGHT,1.410518199,13080,80.8167
,Feature,Point,472957.4291,5363465.243,0,-1.79769313486232E+308,326,VOLEFT,1.401138886,14010,80.2793
,Feature,Point,472722.7212,5363623.043,0,-1.79769313486232E+308,327,VOLRIGHT,6.12932601,5210,351.185
,Feature,Point,472955.7076,5363650.221,0,-1.79769313486232E+308,328,VOLEFT,1.378604812,21570,78.9882
,Feature,Point,473033.6266,5363750.78,0,-1.79769313486232E+308,329,VOLRIGHT,1.413258121,11690,80.9737
,Feature,Point,473170.9688,5363625.026,0,-1.79769313486232E+308,330,VOLEFT,1.382433942,19220,79.2076
,Feature,Point,473238.2547,5363702.156,0,-1.79769313486232E+308,331,VOLRIGHT,1.377681423,11860,78.9353
,Feature,Point,473381.959,5363585.275,0,-1.79769313486232E+308,332,VOLEFT,1.41153711,6080,80.8751
,Feature,Point,473443.4663,5363681.152,0,-1.79769313486232E+308,333,VOLRIGHT,1.426758247,5580,81.7472
,Feature,Point,473653.4435,5363642.205,0,-1.79769313486232E+308,334,VOLRIGHT,1.432336214,4840,82.0668
,Feature,Point,473580.2401,5363545.559,0,-1.79769313486232E+308,335,VOLEFT,1.400888544,3860,80.265
,Feature,Point,473458.1466,5363642.828,0,-1.79769313486232E+308,336,VOLEFT,6.116832814,11950,350.469
,Feature,Point,473803.9038,5363692.415,0,-1.79769313486232E+308,337,VOLRIGHT,6.101479719,13230,349.589
,Feature,Point,473588.9038,5363727.486,0,-1.79769313486232E+308,338,VOLRIGHT,6.101412648,12420,349.585
,Feature,Point,473510.1073,5363894.468,0,-1.79769313486232E+308,339,VOLEFT,6.185049325,13376,354.377
,Feature,Point,472889.523,5363769.921,0,-1.79769313486232E+308,340,VOLEFT,1.414073379,5810,81.0204
,Feature,Point,473050.5253,5363770.583,0,-1.79769313486232E+308,341,VOLEFT,6.10436943,10690,349.755
,Feature,Point,473178.7452,5363797.422,0,-1.79769313486232E+308,342,VOLRIGHT,6.110037165,12220,350.079
,Feature,Point,472739.5396,5364296.442,0,-1.79769313486232E+308,343,VOL4NUM,0.01072812,0,0.614676
,Feature,Point,472859.2666,5364572.875,0,-1.79769313486232E+308,344,VOLRIGHT,1.600790641,10140,91.7185
,Feature,Point,472812.7611,5364459.601,0,-1.79769313486232E+308,345,VOLEFT,1.593867795,8070,91.3219
,Feature,Point,473003.737,5364351.475,0,-1.79769313486232E+308,346,VOLEFT,1.593867797,12910,91.3219
,Feature,Point,473058.1587,5364467.111,0,-1.79769313486232E+308,347,VOLRIGHT,1.600790643,16630,91.7185
,Feature,Point,473285.5445,5364392.325,0,-1.79769313486232E+308,348,VOLRIGHT,1.483563727,16060,85.0019
,Feature,Point,473201.6389,5364295.458,0,-1.79769313486232E+308,349,VOLEFT,1.586917841,21220,90.9237
,Feature,Point,473152.139,5364751.512,0,-1.79769313486232E+308,350,VOLRIGHT,6.151940419,9400,352.48
,Feature,Point,473040.8064,5364811.023,0,-1.79769313486232E+308,351,VOLEFT,6.217373784,10570,356.229
,Feature,Point,472548.0321,5364914.277,0,-1.79769313486232E+308,352,VOLEFT,0.276809963,1090,15.86
,Feature,Point,472693.4297,5364934.199,0,-1.79769313486232E+308,353,VOLEFT,4.986008391,1840,285.677
,Feature,Point,472858.8589,5364945.865,0,-1.79769313486232E+308,354,VOLEFT,4.73707494,8420,271.414
,Feature,Point,472730.6282,5364837.333,0,-1.79769313486232E+308,355,VOLEFT,6.182658803,6590,354.24
,Feature,Point,472840.7045,5364828.617,0,-1.79769313486232E+308,356,VOLEFT,6.188280346,7280,354.562
,Feature,Point,472650.6796,5364897.852,0,-1.79769313486232E+308,357,VOLRIGHT,0.285038108,1090,16.3315
,Feature,Point,472790.9884,5364784.926,0,-1.79769313486232E+308,358,VOLRIGHT,6.183566514,9990,354.292
,Feature,Point,472954.2371,5364767.76,0,-1.79769313486232E+308,359,VOLRIGHT,6.198203824,9710,355.131
,Feature,Point,472683.1322,5364828.433,0,-1.79769313486232E+308,360,VOLRIGHT,5.042876154,1820,288.936
,Feature,Point,472805.6285,5364844.074,0,-1.79769313486232E+308,361,VOLRIGHT,4.738024645,7870,271.469
,Feature,Point,472901.8114,5364896.634,0,-1.79769313486232E+308,362,VOLRIGHT,5.048552796,12600,289.261
,Feature,Point,472912.3109,5365030.906,0,-1.79769313486232E+308,363,VOLEFT,5.056072169,18910,289.692
,Feature,Point,473179.861,5365050.485,0,-1.79769313486232E+308,364,VOLEFT,4.883524893,19222,279.805
,Feature,Point,473143.2511,5364913.72,0,-1.79769313486232E+308,365,VOLRIGHT,4.92000499,23233,281.896
,Feature,Point,472895.892,5365111.645,0,-1.79769313486232E+308,366,VOLEFT,0.36096381,9390,20.6817
,Feature,Point,473001.9315,5365099.963,0,-1.79769313486232E+308,367,VOLRIGHT,0.347942784,12010,19.9357
,Feature,Point,473068.8311,5365307.275,0,-1.79769313486232E+308,368,VOLRIGHT,4.906240977,23870,281.107
,Feature,Point,473111.378,5365429.63,0,-1.79769313486232E+308,369,VOLEFT,4.896292635,14740,280.537
,Feature,Point,473426.2402,5365530.516,0,-1.79769313486232E+308,370,VOL4NUM,0.192557102,0,11.0327
,Feature,Point,473453.7389,5365795.706,0,-1.79769313486232E+308,371,VOL3NUM,4.884188557,0,279.843
,Feature,Point,473634.9766,5366006.934,0,-1.79769313486232E+308,372,VOLRIGHT,0.183606454,6840,10.5199
,Feature,Point,473527.1593,5366033.834,0,-1.79769313486232E+308,373,VOLEFT,0.179025258,6890,10.2574
,Feature,Point,473390.6061,5366137.66,0,-1.79769313486232E+308,374,VOL3NUM,4.871132746,0,279.095
,Feature,Point,473257.0248,5366049.653,0,-1.79769313486232E+308,375,VOLRIGHT,4.913458107,7170,281.52
,Feature,Point,473282.164,5366160.747,0,-1.79769313486232E+308,376,VOLEFT,4.884913932,7520,279.885
,Feature,Point,473064.7322,5365895.591,0,-1.79769313486232E+308,377,VOLRIGHT,0.303335491,7930,17.3798
,Feature,Point,472940.6689,5365922.444,0,-1.79769313486232E+308,378,VOLEFT,0.181500467,7150,10.3992
,Feature,Point,473077.3041,5366218.44,0,-1.79769313486232E+308,379,VOLRIGHT,0.179179935,2080,10.2663
,Feature,Point,472968.8319,5366232.747,0,-1.79769313486232E+308,380,VOLEFT,0.168127829,2360,9.63301
,Feature,Point,472817.6885,5366012.554,0,-1.79769313486232E+308,381,VOLRIGHT,5.094142177,17980,291.873
,Feature,Point,472842.1349,5366143.231,0,-1.79769313486232E+308,382,VOLEFT,5.050020885,17500,289.345
,Feature,Point,472575.3382,5366168.292,0,-1.79769313486232E+308,383,VOLEFT,0.153258739,2370,8.78108
,Feature,Point,472687.9437,5366152.546,0,-1.79769313486232E+308,384,VOLRIGHT,0.185262993,3700,10.6148
,Feature,Point,472706.5778,5365829.381,0,-1.79769313486232E+308,385,VOLRIGHT,0.168866143,10920,9.67532
,Feature,Point,472611.135,5365864.554,0,-1.79769313486232E+308,386,VOLEFT,0.179770473,8580,10.3001
,Feature,Point,472629.6178,5365635.512,0,-1.79769313486232E+308,387,VOLRIGHT,5.091152219,22980,291.702
,Feature,Point,472645.165,5365750.573,0,-1.79769313486232E+308,388,VOLEFT,5.074225587,21530,290.732
,Feature,Point,472535.6818,5365782.739,0,-1.79769313486232E+308,389,VOLRIGHT,0.38573471,6400,22.101
,Feature,Point,472415.922,5365789.956,0,-1.79769313486232E+308,390,VOLEFT,0.382808142,6580,21.9333
,Feature,Point,472295.3307,5365806.664,0,-1.79769313486232E+308,391,VOLEFT,5.651373284,7920,323.8
,Feature,Point,472316.2262,5365740.424,0,-1.79769313486232E+308,392,VOLRIGHT,5.659523163,9010,324.267
,Feature,Point,472497.505,5365606.923,0,-1.79769313486232E+308,393,VOLRIGHT,5.659523165,5500,324.267
,Feature,Point,472441.5937,5365701.607,0,-1.79769313486232E+308,394,VOLEFT,5.651373285,5310,323.8
,Feature,Point,472565.0757,5365218.768,0,-1.79769313486232E+308,395,VOLRIGHT,5.754942028,8880,329.734
,Feature,Point,472495.3284,5365307.773,0,-1.79769313486232E+308,396,VOLEFT,5.757265192,10020,329.867
,Feature,Point,472581.2937,5365375.805,0,-1.79769313486232E+308,397,VOL4NUM,0.182637398,0,10.4644
,Feature,Point,472233.8198,5365410.442,0,-1.79769313486232E+308,398,VOLRIGHT,5.767904825,8760,330.477
,Feature,Point,472209.9669,5365473.67,0,-1.79769313486232E+308,399,VOLEFT,5.766487855,8430,330.395
,Feature,Point,472249.3111,5365588.191,0,-1.79769313486232E+308,400,VOLRIGHT,0.952259464,5370,54.5604
,Feature,Point,472149.9671,5365526.651,0,-1.79769313486232E+308,401,VOLEFT,0.9433792,5480,54.0516
,Feature,Point,471526.3852,5366241.083,0,-1.79769313486232E+308,402,VOLRIGHT,0.950352168,3550,54.4512
,Feature,Point,471433.422,5366176.177,0,-1.79769313486232E+308,403,VOLEFT,0.95545266,3290,54.7434
,Feature,Point,471726.603,5366020.543,0,-1.79769313486232E+308,404,VOLEFT,1.105635117,300,63.3482
,Feature,Point,471803.9838,5366076.963,0,-1.79769313486232E+308,405,VOLRIGHT,1.117084328,730,64.0042
,Feature,Point,471254.779,5365672.39,0,-1.79769313486232E+308,406,VOLRIGHT,6.132852582,7540,351.387
,Feature,Point,471168.3534,5365730.814,0,-1.79769313486232E+308,407,VOLEFT,6.121852814,9060,350.756
,Feature,Point,470921.6834,5365072.628,0,-1.79769313486232E+308,408,VOL4NUM,1.407792736,0,80.6606
,Feature,Point,471540.2312,5364664.68,0,-1.79769313486232E+308,409,VOLRIGHT,6.268546042,660,359.161
,Feature,Point,471445.8097,5364665.974,0,-1.79769313486232E+308,410,VOLRIGHT,6.271877035,327,359.352
,Feature,Point,471347.7009,5364708.508,0,-1.79769313486232E+308,411,VOLEFT,6.277391975,486,359.668
,Feature,Point,471473.335,5364707.704,0,-1.79769313486232E+308,412,VOLEFT,6.27230656,480,359.377
,Feature,Point,471428.5293,5364770.538,0,-1.79769313486232E+308,413,VOLRIGHT,6.271877034,9900,359.352
,Feature,Point,471343.2792,5364811.421,0,-1.79769313486232E+308,414,VOLEFT,6.277391974,6960,359.668
,Feature,Point,471698.558,5364787.828,0,-1.79769313486232E+308,415,VOLEFT,5.250385714,6590,300.825
,Feature,Point,471719.2674,5364671.388,0,-1.79769313486232E+308,416,VOLRIGHT,5.347721234,7580,306.402
,Feature,Point,471893.6446,5364557.292,0,-1.79769313486232E+308,417,VOLEFT,5.140891063,4050,294.551
,Feature,Point,471897.8717,5364439.564,0,-1.79769313486232E+308,418,VOLRIGHT,5.187657348,3840,297.231
,Feature,Point,471552.9261,5364318.7,0,-1.79769313486232E+308,419,VOLEFT,0.870554053,3600,49.8791
,Feature,Point,471660.5971,5364374.73,0,-1.79769313486232E+308,420,VOLRIGHT,0.869186638,3440,49.8007
,Feature,Point,471338.7157,5364043.311,0,-1.79769313486232E+308,421,VOLEFT,1.575937359,330,90.2946
,Feature,Point,471381.9606,5364134.493,0,-1.79769313486232E+308,422,VOLRIGHT,1.585073512,622,90.818
,Feature,Point,471471.4786,5364139.007,0,-1.79769313486232E+308,423,VOLRIGHT,1.585073512,940,90.818
,Feature,Point,471430.0109,5364044.273,0,-1.79769313486232E+308,424,VOLEFT,1.575937359,1010,90.2946
,Feature,Point,471668.8261,5364233.321,0,-1.79769313486232E+308,425,VOLEFT,0.004652751,8520,0.266583
,Feature,Point,471782.7376,5364186.409,0,-1.79769313486232E+308,426,VOLRIGHT,0.008905347,8830,0.510239
,Feature,Point,472036.4048,5363996.261,0,-1.79769313486232E+308,427,VOLRIGHT,5.636734448,7940,322.961
,Feature,Point,471987.5002,5364095.053,0,-1.79769313486232E+308,428,VOLEFT,5.612353028,7460,321.564
,Feature,Point,473697.0987,5361632.013,0,-1.79769313486232E+308,429,VOLRIGHT,5.925939703,3460,339.531
,Feature,Point,473623.9905,5361717.379,0,-1.79769313486232E+308,430,VOLEFT,5.921950567,3180,339.303
,Feature,Point,474007.2209,5361562.272,0,-1.79769313486232E+308,431,VOL3NUM,1.394540597,0,79.9013
,Feature,Point,473770.061,5361775.962,0,-1.79769313486232E+308,432,VOL3NUM,1.394540595,0,79.9013
,Feature,Point,472081.433,5363032.208,0,-1.79769313486232E+308,433,VOLRIGHT,5.639991235,2190,323.148
,Feature,Point,472029.6751,5363125.156,0,-1.79769313486232E+308,434,VOLEFT,5.654693031,1390,323.99
,Feature,Point,472055.6687,5363222.129,0,-1.79769313486232E+308,435,VOL3NUM,5.63132235,0,322.651
,Feature,Point,472126.3956,5363230.177,0,-1.79769313486232E+308,436,VOLRIGHT,5.639991235,2070,323.148
,Feature,Point,472053.9986,5363309.061,0,-1.79769313486232E+308,437,VOLEFT,5.654693031,2720,323.99
,Feature,Point,472008.9427,5363301.336,0,-1.79769313486232E+308,438,VOL4NUM,0.940424188,0,53.8823
,Feature,Point,471950.1361,5363220.337,0,-1.79769313486232E+308,439,VOL4NUM,0.940424188,0,53.8823
,Feature,Point,471891.2905,5363139.629,0,-1.79769313486232E+308,440,VOL4NUM,0.940424188,0,53.8823
,Feature,Point,471898.5041,5363166.44,0,-1.79769313486232E+308,441,VOLRIGHT,5.650192842,1650,323.732
,Feature,Point,471844.4533,5363253.62,0,-1.79769313486232E+308,442,VOLEFT,5.686917903,1170,325.836
,Feature,Point,471853.4048,5363293.692,0,-1.79769313486232E+308,443,VOLEFT,6.110206766,2120,350.089
,Feature,Point,471947.1081,5363237.769,0,-1.79769313486232E+308,444,VOLRIGHT,6.108611684,1650,349.998
,Feature,Point,471821.5852,5363254.988,0,-1.79769313486232E+308,445,VOLRIGHT,0.920236751,2380,52.7257
,Feature,Point,471693.3096,5363153.468,0,-1.79769313486232E+308,446,VOLRIGHT,5.670952729,2165,324.922
,Feature,Point,471634.3339,5363251.803,0,-1.79769313486232E+308,447,VOLEFT,5.65899092,2189,324.236
,Feature,Point,471448.7601,5363167.007,0,-1.79769313486232E+308,448,VOLEFT,0.940928217,2330,53.9112
,Feature,Point,471486.4681,5363054.42,0,-1.79769313486232E+308,449,VOLEFT,4.925156241,2108,282.191
,Feature,Point,471548.452,5363227.604,0,-1.79769313486232E+308,450,VOLRIGHT,0.964918721,2910,55.2858
,Feature,Point,471455.4596,5362947.547,0,-1.79769313486232E+308,451,VOLRIGHT,4.954281675,2477,283.859
,Feature,Point,471579.6437,5362942.351,0,-1.79769313486232E+308,452,VOLRIGHT,0.950210588,440,54.4431
,Feature,Point,471637.713,5362784.663,0,-1.79769313486232E+308,453,VOLEFT,0.929767871,347,53.2718
,Feature,Point,471735.0507,5362839.238,0,-1.79769313486232E+308,454,VOLRIGHT,0.931373438,472,53.3638
,Feature,Point,471591.6538,5362835.717,0,-1.79769313486232E+308,455,VOL3NUM,5.658748944,0,324.222
,Feature,Point,471578.0045,5362692.101,0,-1.79769313486232E+308,456,VOL3NUM,0.952164352,0,54.555
,Feature,Point,472016.6735,5362525.985,0,-1.79769313486232E+308,457,VOLEFT,5.66484273,750,324.572
,Feature,Point,472075.3455,5362437.597,0,-1.79769313486232E+308,458,VOLRIGHT,5.65704356,1140,324.125
,Feature,Point,471753.3701,5362490.893,0,-1.79769313486232E+308,459,VOLEFT,0.947550618,640,54.2906
,Feature,Point,471841.3347,5362532.213,0,-1.79769313486232E+308,460,VOLRIGHT,0.938914328,650,53.7958
,Feature,Point,471875.9167,5362653.691,0,-1.79769313486232E+308,461,VOLEFT,0.947550618,1351,54.2906
,Feature,Point,471958.563,5362696.908,0,-1.79769313486232E+308,462,VOLRIGHT,0.938914328,1273,53.7958
,Feature,Point,471979.7046,5362795.825,0,-1.79769313486232E+308,463,VOLEFT,0.947550617,1177,54.2906
,Feature,Point,472059.4678,5362835.2,0,-1.79769313486232E+308,464,VOLRIGHT,0.938914327,1132,53.7958
,Feature,Point,472403.8137,5363121.021,0,-1.79769313486232E+308,465,VOL4NUM,5.91453306,0,338.878
,Feature,Point,472195.0363,5363101.15,0,-1.79769313486232E+308,466,VOLEFT,0.922643123,2100,52.8636
,Feature,Point,472414.0769,5363219.63,0,-1.79769313486232E+308,467,VOLEFT,5.899874926,2283,338.038
,Feature,Point,472286.1035,5363144.23,0,-1.79769313486232E+308,468,VOLRIGHT,0.978690712,2060,56.0748
,Feature,Point,472487.1857,5363137.538,0,-1.79769313486232E+308,469,VOLRIGHT,5.928682309,2205,339.688
,Feature,Point,472511.6027,5362946.964,0,-1.79769313486232E+308,470,VOLRIGHT,1.241246629,2770,71.1182
,Feature,Point,472422.94,5362858.181,0,-1.79769313486232E+308,471,VOLEFT,1.209199323,3770,69.282
,Feature,Point,472275.1233,5362959.942,0,-1.79769313486232E+308,472,VOLEFT,5.75203429,1451,329.567
,Feature,Point,472341.3992,5362866.148,0,-1.79769313486232E+308,473,VOLRIGHT,5.758036453,2238,329.911
,Feature,Point,472082.5325,5362739.166,0,-1.79769313486232E+308,474,VOL4NUM,5.652986875,0,323.892
,Feature,Point,472190.1655,5362661.379,0,-1.79769313486232E+308,475,VOL4NUM,5.642708078,0,323.303
,Feature,Point,472535.1581,5362743.504,0,-1.79769313486232E+308,476,VOL4NUM,0.089904626,0,5.15116
,Feature,Point,472538.1539,5362864.302,0,-1.79769313486232E+308,477,VOLEFT,0.100108472,4340,5.73579
,Feature,Point,472653.6188,5362824.645,0,-1.79769313486232E+308,478,VOLRIGHT,0.105359283,5310,6.03664
,Feature,Point,472685.0576,5363101.23,0,-1.79769313486232E+308,479,VOLRIGHT,6.181547655,7560,354.177
,Feature,Point,472578.4347,5363171.326,0,-1.79769313486232E+308,480,VOLEFT,6.171160944,12280,353.581
,Feature,Point,472759.0003,5363136.57,0,-1.79769313486232E+308,481,VOLEFT,6.002510328,10760,343.919
,Feature,Point,472909.9808,5363090.659,0,-1.79769313486232E+308,482,VOLEFT,6.023788491,6230,345.138
,Feature,Point,473081.9728,5363261.612,0,-1.79769313486232E+308,483,VOLEFT,5.417199057,720,310.383
,Feature,Point,473142.5163,5363179.023,0,-1.79769313486232E+308,484,VOLEFT,1.64568966,6800,94.2911
,Feature,Point,473322.2006,5363038.727,0,-1.79769313486232E+308,485,VOLEFT,1.426393864,3050,81.7263
,Feature,Point,473218.4357,5363137.744,0,-1.79769313486232E+308,486,VOLEFT,5.761459354,1800,330.107
,Feature,Point,473118.2556,5363159.77,0,-1.79769313486232E+308,487,VOLRIGHT,5.498107788,1440,315.018
,Feature,Point,473155.0091,5363260.652,0,-1.79769313486232E+308,488,VOLRIGHT,1.67572669,8140,96.0121
,Feature,Point,473377.5012,5363131.142,0,-1.79769313486232E+308,489,VOLRIGHT,1.428787797,2510,81.8635
,Feature,Point,473289.763,5363052.125,0,-1.79769313486232E+308,490,VOLRIGHT,5.745243638,2140,329.178
,Feature,Point,473269.3699,5362853.466,0,-1.79769313486232E+308,491,VOLRIGHT,0.98619785,2230,56.505
,Feature,Point,473173.6611,5362819.853,0,-1.79769313486232E+308,492,VOLEFT,0.997031224,2740,57.1257
,Feature,Point,472687.2413,5362738.561,0,-1.79769313486232E+308,493,VOLEFT,1.577728477,2460,90.3972
,Feature,Point,472730.9709,5362851.673,0,-1.79769313486232E+308,494,VOLRIGHT,1.570779386,2920,89.999
,Feature,Point,472685.4718,5362907.057,0,-1.79769313486232E+308,495,VOLEFT,1.577728476,4460,90.3972
,Feature,Point,472941.6857,5362936.075,0,-1.79769313486232E+308,496,VOLEFT,0.994552622,350,56.9837
,Feature,Point,473040.3412,5363013.211,0,-1.79769313486232E+308,497,VOLRIGHT,1.008553254,4190,57.7858
,Feature,Point,473009.5655,5363019.288,0,-1.79769313486232E+308,498,VOLRIGHT,6.000253661,4280,343.789
,Feature,Point,472857.0214,5363061.55,0,-1.79769313486232E+308,499,VOLRIGHT,6.032887189,10070,345.659
,Feature,Point,472732.4542,5363013.73,0,-1.79769313486232E+308,500,VOLRIGHT,1.570779385,4840,89.999
,Feature,Point,472899.2837,5362941.685,0,-1.79769313486232E+308,501,VOLRIGHT,4.926050099,5970,282.242
,Feature,Point,472816.9657,5362767.508,0,-1.79769313486232E+308,502,VOL4NUM,0.089505282,0,5.12827
,Feature,Point,472881.7213,5362850.238,0,-1.79769313486232E+308,503,VOLRIGHT,0.095246311,5680,5.45721
,Feature,Point,472779.3342,5362886.955,0,-1.79769313486232E+308,504,VOLEFT,0.089739582,3610,5.1417
,Feature,Point,472964.1213,5362860.131,0,-1.79769313486232E+308,505,VOLRIGHT,1.475792683,5610,84.5567
,Feature,Point,472914.6882,5362761.693,0,-1.79769313486232E+308,506,VOLEFT,1.542843051,5580,88.3984
,Feature,Point,472726.1368,5362712.805,0,-1.79769313486232E+308,507,VOLRIGHT,1.509295494,5000,86.4763
,Feature,Point,472673.9744,5362606.81,0,-1.79769313486232E+308,508,VOLEFT,1.471927344,5400,84.3352
,Feature,Point,472949.6272,5362722.995,0,-1.79769313486232E+308,509,VOLRIGHT,1.536297396,4257,88.0234
,Feature,Point,472909.2088,5362623.287,0,-1.79769313486232E+308,510,VOLEFT,1.542843052,4572,88.3984
,Feature,Point,472880.9508,5362601.863,0,-1.79769313486232E+308,511,VOL4NUM,0.08505328,0,4.87319
,Feature,Point,472876.5029,5362388.681,0,-1.79769313486232E+308,512,VOLRIGHT,1.208307703,2491,69.2309
,Feature,Point,472797.689,5362306.858,0,-1.79769313486232E+308,513,VOLEFT,1.189400308,1909,68.1476
,Feature,Point,472735.9443,5362416.578,0,-1.79769313486232E+308,514,VOLRIGHT,5.924042861,330,339.423
,Feature,Point,472661.5527,5362478.947,0,-1.79769313486232E+308,515,VOLEFT,5.918813549,100,339.123
,Feature,Point,472743.7588,5362360.784,0,-1.79769313486232E+308,516,VOLRIGHT,1.17642303,180,67.4041
,Feature,Point,472669.1523,5362303.915,0,-1.79769313486232E+308,517,VOLEFT,1.151355187,100,65.9678
,Feature,Point,472659.269,5362430.787,0,-1.79769313486232E+308,518,VOLRIGHT,1.145095139,1250,65.6091
,Feature,Point,472583.6153,5362363.438,0,-1.79769313486232E+308,519,VOLEFT,1.164289138,970,66.7089
,Feature,Point,472629.0461,5362296.722,0,-1.79769313486232E+308,520,VOL4NUM,5.661778153,0,324.396
,Feature,Point,472315.0959,5362476.215,0,-1.79769313486232E+308,521,VOLRIGHT,0.947692415,2510,54.2988
,Feature,Point,472215.4481,5362414.055,0,-1.79769313486232E+308,522,VOLEFT,0.924640449,2090,52.978
,Feature,Point,472264.3813,5362342.822,0,-1.79769313486232E+308,523,VOLEFT,5.656510978,1250,324.094
,Feature,Point,472323.1974,5362255.053,0,-1.79769313486232E+308,524,VOLRIGHT,5.663556055,1900,324.498
,Feature,Point,472184.9849,5362048.116,0,-1.79769313486232E+308,525,VOLRIGHT,5.663096738,3900,324.472
,Feature,Point,472130.5771,5362141.795,0,-1.79769313486232E+308,526,VOLEFT,5.664803082,3270,324.569
,Feature,Point,472741.2291,5362034.456,0,-1.79769313486232E+308,527,VOLRIGHT,1.31550454,2180,75.3729
,Feature,Point,472672.8507,5361946.428,0,-1.79769313486232E+308,528,VOLEFT,1.314878634,2120,75.337
,Feature,Point,472713.6442,5361908.801,0,-1.79769313486232E+308,529,VOLRIGHT,1.349281358,650,77.3081
,Feature,Point,472645.3236,5361837.737,0,-1.79769313486232E+308,530,VOLEFT,1.30377073,820,74.7006
,Feature,Point,473514.313,5361971.402,0,-1.79769313486232E+308,531,VOLEFT,1.48124221,2770,84.8689
,Feature,Point,473576.1143,5362076.649,0,-1.79769313486232E+308,532,VOLRIGHT,1.496123905,2420,85.7216
,Feature,Point,473313.8033,5362193.546,0,-1.79769313486232E+308,533,VOL4NUM,1.306532787,0,74.8588
,Feature,Point,473267.1864,5362085.655,0,-1.79769313486232E+308,534,VOL4NUM,0.723899721,0,41.4764
,Feature,Point,473226.2707,5362007.457,0,-1.79769313486232E+308,535,VOL4NUM,5.330846186,0,305.435
,Feature,Point,473121.5701,5362111.889,0,-1.79769313486232E+308,536,VOL4NUM,5.639847809,0,323.139
,Feature,Point,472996.3341,5362188.969,0,-1.79769313486232E+308,537,VOL4NUM,5.892283275,0,337.603
,Feature,Point,473249.3643,5362166.748,0,-1.79769313486232E+308,538,VOLRIGHT,5.512449904,1990,315.84
,Feature,Point,473066.3593,5362240.212,0,-1.79769313486232E+308,539,VOLEFT,1.382885105,680,79.2335
,Feature,Point,473140.8279,5362557.34,0,-1.79769313486232E+308,540,VOLEFT,1.566082883,1360,89.7299
,Feature,Point,473600.469,5362625.251,0,-1.79769313486232E+308,541,VOLRIGHT,6.105637283,2350,349.827
,Feature,Point,473512.91,5362683.115,0,-1.79769313486232E+308,542,VOLEFT,6.124802572,2500,350.925
,Feature,Point,473505.8758,5362754.21,0,-1.79769313486232E+308,543,VOLRIGHT,0.821322447,2010,47.0583
,Feature,Point,473391.3523,5362695.86,0,-1.79769313486232E+308,544,VOLEFT,0.796366094,1910,45.6284
,Feature,Point,473563.594,5362352.04,0,-1.79769313486232E+308,545,VOLEFT,1.265264332,7732,72.4943
,Feature,Point,473661.1962,5362477.467,0,-1.79769313486232E+308,546,VOLRIGHT,1.291231881,7105,73.9821
,Feature,Point,473890.5888,5362498.136,0,-1.79769313486232E+308,547,VOL3NUM,1.398525209,0,80.1296
,Feature,Point,473720.4856,5362600.139,0,-1.79769313486232E+308,548,VOL3NUM,6.110371484,0,350.099
,Feature,Point,474341.4374,5362720.112,0,-1.79769313486232E+308,549,VOL3NUM,6.117257767,0,350.493
,Feature,Point,473583.2996,5363220.853,0,-1.79769313486232E+308,550,VOLRIGHT,1.420352155,6250,81.3802
,Feature,Point,473474.2151,5362914.94,0,-1.79769313486232E+308,551,VOL4NUM,1.413953868,0,81.0136
,Feature,Point,473994.7619,5362937.208,0,-1.79769313486232E+308,552,VOLRIGHT,6.117305022,1219,350.496
,Feature,Point,473891.0364,5363001.555,0,-1.79769313486232E+308,553,VOLEFT,6.122464985,1759,350.791
,Feature,Point,473630.037,5363042.348,0,-1.79769313486232E+308,554,VOL3NUM,6.118991475,0,350.592
,Feature,Point,474171.4473,5363178.045,0,-1.79769313486232E+308,555,VOLEFT,6.119654888,1452,350.63
,Feature,Point,473720.8379,5363089.393,0,-1.79769313486232E+308,556,VOLEFT,1.385716599,9770,79.3957
,Feature,Point,473790.6381,5363175.027,0,-1.79769313486232E+308,557,VOLRIGHT,1.399424531,9770,80.1811
,Feature,Point,473939.6494,5363224.626,0,-1.79769313486232E+308,558,VOLRIGHT,6.088491887,1620,348.845
,Feature,Point,473844.1404,5363286.67,0,-1.79769313486232E+308,559,VOLEFT,6.119654886,2720,350.63
,Feature,Point,474027.1932,5363300.839,0,-1.79769313486232E+308,560,VOL4NUM,1.381096121,0,79.131
,Feature,Point,474020.2355,5363407.479,0,-1.79769313486232E+308,561,VOLRIGHT,6.095015938,11270,349.219
,Feature,Point,473982.0444,5363612.105,0,-1.79769313486232E+308,562,VOLEFT,6.126624363,13950,351.03
,Feature,Point,474230.4938,5363633.276,0,-1.79769313486232E+308,563,VOLRIGHT,6.18636564,12530,354.453
,Feature,Point,474155.3248,5363849.188,0,-1.79769313486232E+308,564,VOLEFT,6.199819814,14000,355.224
,Feature,Point,474232.4357,5363941.266,0,-1.79769313486232E+308,565,VOL3NUM,6.19308524,0,354.838
,Feature,Point,473610.3966,5364008.455,0,-1.79769313486232E+308,566,VOLRIGHT,6.188596482,2060,354.58
,Feature,Point,473817.6465,5363988.134,0,-1.79769313486232E+308,567,VOLRIGHT,6.188596483,1500,354.58
,Feature,Point,473515.7145,5364060.691,0,-1.79769313486232E+308,568,VOLEFT,6.185827299,900,354.422
,Feature,Point,473734.9758,5364040.986,0,-1.79769313486232E+308,569,VOLEFT,6.1858273,940,354.422
,Feature,Point,473303.9246,5364282.121,0,-1.79769313486232E+308,570,VOLEFT,6.195631208,3940,354.984
,Feature,Point,473406.611,5364226.877,0,-1.79769313486232E+308,571,VOLRIGHT,6.192805909,5150,354.822
,Feature,Point,474333.3158,5364339.434,0,-1.79769313486232E+308,572,VOL3NUM,6.142169626,0,351.92
,Feature,Point,474273.0176,5364381.163,0,-1.79769313486232E+308,573,VOL3NUM,1.487861724,0,85.2482
,Feature,Point,474500.3692,5364560.402,0,-1.79769313486232E+308,574,VOLRIGHT,1.536963135,2253,88.0615
,Feature,Point,474453.9112,5364472.737,0,-1.79769313486232E+308,575,VOLEFT,1.529005292,2078,87.6056
,Feature,Point,474378.156,5364682.178,0,-1.79769313486232E+308,576,VOLEFT,6.204473725,6090,355.49
,Feature,Point,474481.4241,5364629.727,0,-1.79769313486232E+308,577,VOLRIGHT,6.197358518,6570,355.082
,Feature,Point,474275.0187,5364649.467,0,-1.79769313486232E+308,578,VOLRIGHT,6.197358517,7130,355.082
,Feature,Point,474171.2484,5364706.918,0,-1.79769313486232E+308,579,VOLEFT,6.161813484,6600,353.046
,Feature,Point,474349.7336,5364825.115,0,-1.79769313486232E+308,580,VOLRIGHT,6.262953987,1188,358.841
,Feature,Point,474256.0843,5364872.714,0,-1.79769313486232E+308,581,VOLEFT,6.261568845,943,358.761
,Feature,Point,474416.3691,5365001.604,0,-1.79769313486232E+308,582,VOLRIGHT,1.241039838,394,71.1063
,Feature,Point,474341.3506,5364923.494,0,-1.79769313486232E+308,583,VOLEFT,1.250508897,449,71.6489
,Feature,Point,473816.7135,5365074.326,0,-1.79769313486232E+308,584,VOL4NUM,0.179371416,0,10.2772
,Feature,Point,473938.3957,5364954.637,0,-1.79769313486232E+308,585,VOLEFT,1.512490394,10240,86.6593
,Feature,Point,473995.9823,5365063.651,0,-1.79769313486232E+308,586,VOLRIGHT,1.499865845,10160,85.936
,Feature,Point,473843.9279,5364935.415,0,-1.79769313486232E+308,587,VOLRIGHT,1.734613954,250,99.3861
,Feature,Point,473812.6206,5364842.46,0,-1.79769313486232E+308,588,VOLEFT,1.752122448,590,100.389
,Feature,Point,473877.0137,5364942.184,0,-1.79769313486232E+308,589,VOL4NUM,1.7634029,0,101.036
,Feature,Point,473948.2961,5364538,0,-1.79769313486232E+308,590,VOLRIGHT,1.472574483,10350,84.3723
,Feature,Point,473891.0982,5364427.73,0,-1.79769313486232E+308,591,VOLEFT,1.477938481,10500,84.6796
,Feature,Point,473699.0229,5364621.679,0,-1.79769313486232E+308,592,VOL4NUM,1.481431977,0,84.8798
,Feature,Point,473877.66,5364690.538,0,-1.79769313486232E+308,593,VOLRIGHT,6.194394717,9200,354.913
,Feature,Point,473633.228,5364713.176,0,-1.79769313486232E+308,594,VOLRIGHT,6.200058289,8920,355.237
,Feature,Point,473774.9736,5364743.39,0,-1.79769313486232E+308,595,VOLEFT,6.202727416,9000,355.39
,Feature,Point,473508.3587,5364768.963,0,-1.79769313486232E+308,596,VOLEFT,6.192995258,9970,354.832
,Feature,Point,473722.7906,5364880.748,0,-1.79769313486232E+308,597,VOL3NUM,1.7542181,0,100.509
,Feature,Point,473634.6627,5364876.69,0,-1.79769313486232E+308,598,VOL3NUM,1.75347326,0,100.467
,Feature,Point,473728.1579,5365011.959,0,-1.79769313486232E+308,599,VOL4NUM,0.193339361,0,11.0775
,Feature,Point,473533.1206,5365110.836,0,-1.79769313486232E+308,600,VOL4NUM,1.742762237,0,99.8529
,Feature,Point,473327.1658,5365152.538,0,-1.79769313486232E+308,601,VOLRIGHT,0.188497721,13830,10.8001
,Feature,Point,473199.5766,5365185.411,0,-1.79769313486232E+308,602,VOLEFT,0.189318085,12100,10.8471
,Feature,Point,473440.9729,5365045.923,0,-1.79769313486232E+308,603,VOLEFT,1.74970414,8960,100.251
,Feature,Point,473469.4187,5365160.004,0,-1.79769313486232E+308,604,VOLRIGHT,1.762789325,9130,101
,Feature,Point,473742.1453,5365235.989,0,-1.79769313486232E+308,605,VOLRIGHT,0.18174208,8268,10.4131
,Feature,Point,473621.6371,5365266.163,0,-1.79769313486232E+308,606,VOLEFT,0.181907728,8522,10.4225
,Feature,Point,473831.7491,5365156.625,0,-1.79769313486232E+308,607,VOL3NUM,1.752741918,0,100.425
,Feature,Point,473924.5498,5365402.944,0,-1.79769313486232E+308,608,VOL3NUM,0.186783999,0,10.7019
,Feature,Point,474493.9061,5365299.206,0,-1.79769313486232E+308,609,VOLEFT,1.304431617,3560,74.7384
,Feature,Point,474562.9002,5365383.824,0,-1.79769313486232E+308,610,VOLRIGHT,1.238946542,3050,70.9864
,Feature,Point,474350.6964,5365410.483,0,-1.79769313486232E+308,611,VOLEFT,0.008675184,10310,0.497051
,Feature,Point,474473.0957,5365362.342,0,-1.79769313486232E+308,612,VOLRIGHT,0.011341889,10530,0.649842
,Feature,Point,474388.5959,5365531.647,0,-1.79769313486232E+308,613,VOLRIGHT,5.545421743,1930,317.729
,Feature,Point,474338.3683,5365623.746,0,-1.79769313486232E+308,614,VOLEFT,5.592081464,1860,320.403
,Feature,Point,474227.8268,5365647.991,0,-1.79769313486232E+308,615,VOLEFT,0.890693592,3750,51.033
,Feature,Point,474288.0743,5365661.437,0,-1.79769313486232E+308,616,VOLRIGHT,0.882588816,5020,50.5686
,Feature,Point,474179.653,5365673.383,0,-1.79769313486232E+308,617,VOLEFT,1.730540475,7150,99.1527
,Feature,Point,474209.7622,5365789.315,0,-1.79769313486232E+308,618,VOLRIGHT,1.717473244,5980,98.404
,Feature,Point,474076.2779,5366089.738,0,-1.79769313486232E+308,619,VOLRIGHT,0.186137455,6820,10.6649
,Feature,Point,473962.1093,5366114.115,0,-1.79769313486232E+308,620,VOLEFT,0.193636913,6640,11.0946
,Feature,Point,474289.5269,5366128.535,0,-1.79769313486232E+308,621,VOLRIGHT,0.187497395,8270,10.7428
,Feature,Point,474173.0767,5366158.166,0,-1.79769313486232E+308,622,VOLEFT,0.183395547,8050,10.5078
,Feature,Point,474530.1392,5366170.849,0,-1.79769313486232E+308,623,VOLRIGHT,6.274441704,8730,359.499
,Feature,Point,474436.4896,5366215.512,0,-1.79769313486232E+308,624,VOLEFT,6.274441703,8830,359.499
,Feature,Point,474567.6372,5366140.935,0,-1.79769313486232E+308,625,VOLRIGHT,1.252061664,4320,71.7378
,Feature,Point,474492.0018,5366051.924,0,-1.79769313486232E+308,626,VOLEFT,1.206866243,5300,69.1483
,Feature,Point,475259.4457,5366147.673,0,-1.79769313486232E+308,627,VOLRIGHT,6.274441708,6610,359.499
,Feature,Point,475154.5531,5366173.248,0,-1.79769313486232E+308,628,VOLEFT,6.274441707,6300,359.499
,Feature,Point,475372.9003,5365822.939,0,-1.79769313486232E+308,629,VOLRIGHT,1.553326084,8100,88.999
,Feature,Point,475325.2817,5365719.87,0,-1.79769313486232E+308,630,VOLEFT,1.553326084,8500,88.999
,Feature,Point,475361.8859,5365437.671,0,-1.79769313486232E+308,631,VOLRIGHT,1.553326087,9020,88.999
,Feature,Point,475316.6253,5365331.668,0,-1.79769313486232E+308,632,VOLEFT,1.553326087,9830,88.999
,Feature,Point,475291.1125,5365504.38,0,-1.79769313486232E+308,633,VOL3NUM,6.274441712,0,359.499
,Feature,Point,475085.8659,5365650.432,0,-1.79769313486232E+308,634,VOL3NUM,0.531128624,0,30.4314
,Feature,Point,475161.2376,5365750.12,0,-1.79769313486232E+308,635,VOLRIGHT,0.535048639,8910,30.656
,Feature,Point,475044.7127,5365742.866,0,-1.79769313486232E+308,636,VOLEFT,0.519335911,9300,29.7558
,Feature,Point,474941.2498,5365820.492,0,-1.79769313486232E+308,637,VOLEFT,5.205484026,2445,298.252
,Feature,Point,474971.8558,5365658.179,0,-1.79769313486232E+308,638,VOLRIGHT,5.178662889,2806,296.716
,Feature,Point,474831.8705,5365682.535,0,-1.79769313486232E+308,639,VOL3NUM,0.494713386,0,28.345
,Feature,Point,474760.0644,5365509.014,0,-1.79769313486232E+308,640,VOLRIGHT,0.543461942,9200,31.1381
,Feature,Point,474640.7544,5365499.011,0,-1.79769313486232E+308,641,VOLEFT,0.535113216,9870,30.6597
,Feature,Point,474680.5984,5365306.742,0,-1.79769313486232E+308,642,VOL4NUM,6.274441712,0,359.499
,Feature,Point,474913.093,5365331.086,0,-1.79769313486232E+308,643,VOL4NUM,1.553326086,0,88.999
,Feature,Point,475078.3346,5365154.317,0,-1.79769313486232E+308,644,VOL3NUM,1.553326088,0,88.999
,Feature,Point,474851.0606,5364940.454,0,-1.79769313486232E+308,645,VOL3NUM,1.553326088,0,88.999
,Feature,Point,474942.6675,5364934.659,0,-1.79769313486232E+308,646,VOL3NUM,1.553326089,0,88.999
,Feature,Point,474968.4446,5364808.817,0,-1.79769313486232E+308,647,VOLRIGHT,6.256988424,1330,358.499
,Feature,Point,474862.9729,5364857.033,0,-1.79769313486232E+308,648,VOLEFT,6.256988423,1840,358.499
,Feature,Point,475714.9526,5364712.493,0,-1.79769313486232E+308,649,VOLRIGHT,1.417314285,5530,81.2061
,Feature,Point,475639.499,5364638.929,0,-1.79769313486232E+308,650,VOLEFT,1.394774901,5500,79.9147
,Feature,Point,475518.9771,5365047.172,0,-1.79769313486232E+308,651,VOLEFT,6.254817858,482,358.375
,Feature,Point,475614.3489,5364999.746,0,-1.79769313486232E+308,652,VOLRIGHT,6.252061699,570,358.217
,Feature,Point,475284.158,5365241.254,0,-1.79769313486232E+308,653,VOL3NUM,6.255297628,0,358.402
,Feature,Point,475249.9515,5365145.625,0,-1.79769313486232E+308,654,VOL4NUM,1.535872796,0,87.999
,Feature,Point,475309.6709,5365095.782,0,-1.79769313486232E+308,655,VOLEFT,1.535872796,9680,87.999
,Feature,Point,475299.6918,5364872.66,0,-1.79769313486232E+308,656,VOLEFT,1.535872798,6240,87.999
,Feature,Point,475355.4733,5365195.261,0,-1.79769313486232E+308,657,VOLRIGHT,1.535872796,8950,87.999
,Feature,Point,475352.577,5364975.231,0,-1.79769313486232E+308,658,VOLRIGHT,1.535872797,6510,87.999
,Feature,Point,475346.2392,5364723.116,0,-1.79769313486232E+308,659,VOLRIGHT,1.535872799,8870,87.999
,Feature,Point,475296.8448,5364615.075,0,-1.79769313486232E+308,660,VOLEFT,1.558617389,8500,89.3022
,Feature,Point,475039.052,5364632.318,0,-1.79769313486232E+308,661,VOLEFT,6.204413891,4500,355.487
,Feature,Point,475140.0638,5364581.662,0,-1.79769313486232E+308,662,VOLRIGHT,6.211155313,5520,355.873
,Feature,Point,475572.6973,5364539.354,0,-1.79769313486232E+308,663,VOLRIGHT,6.206144222,7674,355.586
,Feature,Point,475473.1757,5364586.916,0,-1.79769313486232E+308,664,VOLEFT,6.205432531,7014,355.545
,Feature,Point,475611.7081,5364428.545,0,-1.79769313486232E+308,665,VOLEFT,1.414853527,7830,81.0651
,Feature,Point,475580.3267,5364235.94,0,-1.79769313486232E+308,666,VOLEFT,1.414853529,8630,81.0651
,Feature,Point,475668.0597,5364521.686,0,-1.79769313486232E+308,667,VOLRIGHT,1.433407126,8180,82.1282
,Feature,Point,475638.4552,5364330.39,0,-1.79769313486232E+308,668,VOLRIGHT,1.433407127,7360,82.1282
,Feature,Point,475141.5429,5364188.169,0,-1.79769313486232E+308,669,VOLEFT,1.537197323,190,88.0749
,Feature,Point,475061.6956,5364301.26,0,-1.79769313486232E+308,670,VOLEFT,6.245371612,180,357.833
,Feature,Point,475130.9548,5364261.195,0,-1.79769313486232E+308,671,VOLRIGHT,6.246549258,260,357.901
,Feature,Point,475187.4584,5364274.244,0,-1.79769313486232E+308,672,VOLRIGHT,1.555468656,190,89.1218
,Feature,Point,475315.4782,5364148.73,0,-1.79769313486232E+308,673,VOLRIGHT,0.503754383,6050,28.863
,Feature,Point,475175.1713,5364116.882,0,-1.79769313486232E+308,674,VOLEFT,0.498218144,6120,28.5458
,Feature,Point,474892.0041,5364039.777,0,-1.79769313486232E+308,675,VOL3NUM,1.519523112,0,87.0623
,Feature,Point,474972.2466,5364011.978,0,-1.79769313486232E+308,676,VOLEFT,0.47893961,6210,27.4412
,Feature,Point,475090.3593,5364025.458,0,-1.79769313486232E+308,677,VOLRIGHT,0.482553475,5800,27.6483
,Feature,Point,474756.5655,5363758.704,0,-1.79769313486232E+308,678,VOLRIGHT,6.161124731,6860,353.006
,Feature,Point,474758.6847,5363879.905,0,-1.79769313486232E+308,679,VOLRIGHT,0.525107252,5050,30.0864
,Feature,Point,474674.3608,5363859.4,0,-1.79769313486232E+308,680,VOLEFT,0.478939609,5520,27.4412
,Feature,Point,474666.0443,5363809.968,0,-1.79769313486232E+308,681,VOLEFT,6.187726406,7300,354.531
,Feature,Point,474459.7635,5363821.333,0,-1.79769313486232E+308,682,VOLEFT,6.24648536,13500,357.897
,Feature,Point,474472.0026,5363721.721,0,-1.79769313486232E+308,683,VOL4NUM,1.542739046,0,88.3924
,Feature,Point,474566.75,5363631.188,0,-1.79769313486232E+308,684,VOLRIGHT,0.059161358,10370,3.3897
,Feature,Point,474427.415,5363619.593,0,-1.79769313486232E+308,685,VOLRIGHT,6.188041284,11560,354.549
,Feature,Point,474441.2878,5363571.069,0,-1.79769313486232E+308,686,VOLEFT,6.027109119,11240,345.328
,Feature,Point,474543.3971,5363467.952,0,-1.79769313486232E+308,687,VOLRIGHT,0.482957074,10100,27.6714
,Feature,Point,474627.8911,5363354.779,0,-1.79769313486232E+308,688,VOL3NUM,4.99909524,0,286.427
,Feature,Point,475017.876,5363079.887,0,-1.79769313486232E+308,689,VOL4NUM,0.413084828,0,23.668
,Feature,Point,474905.5729,5363395.313,0,-1.79769313486232E+308,690,VOL4NUM,1.570779392,0,89.999
,Feature,Point,474998.6796,5363685.278,0,-1.79769313486232E+308,691,VOLRIGHT,0.530128039,10300,30.3741
,Feature,Point,474881.4228,5363672.815,0,-1.79769313486232E+308,692,VOLEFT,0.560775021,8670,32.13
,Feature,Point,475370.562,5363735.524,0,-1.79769313486232E+308,693,VOLRIGHT,6.250709401,6260,358.139
,Feature,Point,475273.9016,5363780.15,0,-1.79769313486232E+308,694,VOLEFT,6.262724355,7700,358.828
,Feature,Point,475255.8264,5363870.468,0,-1.79769313486232E+308,695,VOLRIGHT,0.738984236,9821,42.3407
,Feature,Point,475134.6887,5363840.516,0,-1.79769313486232E+308,696,VOLEFT,0.730899979,9822,41.8775
,Feature,Point,475652.916,5364044.438,0,-1.79769313486232E+308,697,VOL3NUM,1.57077939,0,89.999
,Feature,Point,475758.0819,5364199.37,0,-1.79769313486232E+308,698,VOLRIGHT,0.732977054,12461,41.9965
,Feature,Point,475648.087,5364168.317,0,-1.79769313486232E+308,699,VOLEFT,0.692677817,10597,39.6875
,Feature,Point,476029.7783,5363856.659,0,-1.79769313486232E+308,700,VOL4NUM,1.570779392,0,89.999
,Feature,Point,475750.3213,5363860.134,0,-1.79769313486232E+308,701,VOL3NUM,1.570779392,0,89.999
,Feature,Point,475607.7896,5363948.004,0,-1.79769313486232E+308,702,VOL4NUM,6.283168371,0,359.999
,Feature,Point,475544.3842,5363816.665,0,-1.79769313486232E+308,703,VOLEFT,1.603674581,4830,91.8838
,Feature,Point,475593.2745,5363919.734,0,-1.79769313486232E+308,704,VOLRIGHT,1.575410795,4300,90.2644
,Feature,Point,475598.4198,5363457.911,0,-1.79769313486232E+308,705,VOLRIGHT,1.575410798,2416,90.2644
,Feature,Point,475558.4147,5363353.066,0,-1.79769313486232E+308,706,VOLEFT,1.603674584,2672,91.8838
,Feature,Point,475596.1752,5363690.356,0,-1.79769313486232E+308,707,VOLRIGHT,1.575410797,4067,90.2644
,Feature,Point,475549.062,5363585.512,0,-1.79769313486232E+308,708,VOLEFT,1.603674583,4297,91.8838
,Feature,Point,476064.1089,5363353.835,0,-1.79769313486232E+308,709,VOL3NUM,6.283168376,0,359.999
,Feature,Point,476062.2436,5363044.434,0,-1.79769313486232E+308,710,VOLRIGHT,6.283168378,2575,359.999
,Feature,Point,475957.7027,5363091.749,0,-1.79769313486232E+308,711,VOLEFT,6.283168377,2731,359.999
,Feature,Point,475814.4342,5363032.597,0,-1.79769313486232E+308,712,VOLEFT,0.333826319,1370,19.1268
,Feature,Point,475878.3435,5363007.884,0,-1.79769313486232E+308,713,VOLRIGHT,0.335956009,1570,19.2489
,Feature,Point,475629.8644,5362869.601,0,-1.79769313486232E+308,714,VOLRIGHT,0.938483413,2190,53.7711
,Feature,Point,475521.9438,5362811.284,0,-1.79769313486232E+308,715,VOLEFT,0.879443912,1600,50.3884
,Feature,Point,475467.363,5362881.376,0,-1.79769313486232E+308,716,VOLEFT,5.011060586,1886,287.113
,Feature,Point,475430.7067,5362723.095,0,-1.79769313486232E+308,717,VOLRIGHT,0.427560636,1261,24.4974
,Feature,Point,475316.1047,5362725.964,0,-1.79769313486232E+308,718,VOLEFT,0.422285511,1687,24.1952
,Feature,Point,474920.2375,5362629.886,0,-1.79769313486232E+308,719,VOLEFT,0.071634938,1830,4.10438
,Feature,Point,475042.9362,5362724.822,0,-1.79769313486232E+308,720,VOLEFT,4.780902932,2000,273.926
,Feature,Point,475003.8617,5362644.052,0,-1.79769313486232E+308,721,VOLRIGHT,4.781538992,1670,273.962
,Feature,Point,475017.7881,5362593.51,0,-1.79769313486232E+308,722,VOLRIGHT,0.065880662,1460,3.77468
,Feature,Point,474832.1309,5362522.803,0,-1.79769313486232E+308,723,VOL3NUM,1.538160244,0,88.1301
,Feature,Point,474803.1983,5362444.457,0,-1.79769313486232E+308,724,VOL3NUM,6.269094294,0,359.193
,Feature,Point,474139.6103,5362348.391,0,-1.79769313486232E+308,725,VOL4NUM,1.396619016,0,80.0204
,Feature,Point,474508.7699,5362565.511,0,-1.79769313486232E+308,726,VOL3NUM,1.414831762,0,81.0639
,Feature,Point,474421.4699,5362602.081,0,-1.79769313486232E+308,727,VOL3NUM,1.385873892,0,79.4047
,Feature,Point,474471.8701,5362479.899,0,-1.79769313486232E+308,728,VOL3NUM,5.44676755,0,312.077
,Feature,Point,474468.1375,5362381.035,0,-1.79769313486232E+308,729,VOL3NUM,0.740299081,0,42.416
,Feature,Point,474547.4701,5362327.871,0,-1.79769313486232E+308,730,VOL3NUM,5.440614802,0,311.724
,Feature,Point,474481.9628,5362332.457,0,-1.79769313486232E+308,731,VOLEFT,5.440199068,4128,311.7
,Feature,Point,474514.4535,5362229.166,0,-1.79769313486232E+308,732,VOLRIGHT,5.445838329,5080,312.024
,Feature,Point,474817.1608,5361925.431,0,-1.79769313486232E+308,733,VOLRIGHT,0.322224735,4398,18.4621
,Feature,Point,474702.9975,5361940.213,0,-1.79769313486232E+308,734,VOLEFT,0.337838185,2456,19.3567
,Feature,Point,475130.4645,5362208.437,0,-1.79769313486232E+308,735,VOLEFT,0.452263036,3950,25.9128
,Feature,Point,474914.2636,5362213.149,0,-1.79769313486232E+308,736,VOLEFT,6.096908391,4809,349.327
,Feature,Point,475005.9128,5362152.024,0,-1.79769313486232E+308,737,VOLRIGHT,6.085477753,4869,348.672
,Feature,Point,475257.8422,5362212.151,0,-1.79769313486232E+308,738,VOLRIGHT,0.413852529,3900,23.712
,Feature,Point,475492.3242,5362387.146,0,-1.79769313486232E+308,739,VOL3NUM,1.556277818,0,89.1682
,Feature,Point,476191.8965,5362456.41,0,-1.79769313486232E+308,740,VOLRIGHT,5.725337284,1379,328.038
,Feature,Point,476101.3548,5362563.592,0,-1.79769313486232E+308,741,VOLEFT,5.793491144,1380,331.943
,Feature,Point,475821.3442,5362223.461,0,-1.79769313486232E+308,742,VOL4NUM,5.145036623,0,294.789
,Feature,Point,475453.5533,5362042.088,0,-1.79769313486232E+308,743,VOL4NUM,0.579616939,0,33.2096
,Feature,Point,475515.0653,5361928.726,0,-1.79769313486232E+308,744,VOL4NUM,5.424446534,0,310.798
,Feature,Point,475439.6027,5361913.238,0,-1.79769313486232E+308,745,VOL3NUM,1.570779401,0,89.999